Delta,Time,CORE0_ENERGY (J),CORE0_FREQ (MHZ),CORE0_PSTATE,CORE0_VOLT (V),CORE1_ENERGY (J),CORE1_FREQ (MHZ),CORE1_PSTATE,CORE1_VOLT (V),CORE2_ENERGY (J),CORE2_FREQ (MHZ),CORE2_PSTATE,CORE2_VOLT (V),CORE3_ENERGY (J),CORE3_FREQ (MHZ),CORE3_PSTATE,CORE3_VOLT (V),CORE4_ENERGY (J),CORE4_FREQ (MHZ),CORE4_PSTATE,CORE4_VOLT (V),CORE5_ENERGY (J),CORE5_FREQ (MHZ),CORE5_PSTATE,CORE5_VOLT (V),CORE6_ENERGY (J),CORE6_FREQ (MHZ),CORE6_PSTATE,CORE6_VOLT (V),CORE7_ENERGY (J),CORE7_FREQ (MHZ),CORE7_PSTATE,CORE7_VOLT (V),CPU_ENERGY (J),CPU_FREQUENCY_0,CPU_FREQUENCY_1,CPU_FREQUENCY_10,CPU_FREQUENCY_11,CPU_FREQUENCY_12,CPU_FREQUENCY_13,CPU_FREQUENCY_14,CPU_FREQUENCY_15,CPU_FREQUENCY_2,CPU_FREQUENCY_3,CPU_FREQUENCY_4,CPU_FREQUENCY_5,CPU_FREQUENCY_6,CPU_FREQUENCY_7,CPU_FREQUENCY_8,CPU_FREQUENCY_9,CPU_USAGE_0,CPU_USAGE_1,CPU_USAGE_10,CPU_USAGE_11,CPU_USAGE_12,CPU_USAGE_13,CPU_USAGE_14,CPU_USAGE_15,CPU_USAGE_2,CPU_USAGE_3,CPU_USAGE_4,CPU_USAGE_5,CPU_USAGE_6,CPU_USAGE_7,CPU_USAGE_8,CPU_USAGE_9,GPU0_MEMORY_TOTAL,GPU0_MEMORY_USED,GPU0_POWER (mWatts),GPU0_TEMPERATURE,GPU0_USAGE,TOTAL_MEMORY,TOTAL_SWAP,USED_MEMORY,USED_SWAP
0,1729361055162,22748.468536376953,3720.0000000000005,1,1.3875,23051.41520690918,3720.0000000000005,1,1.3875,26764.654357910156,3720.0000000000005,1,1.38125,20181.940872192383,4650,0,1.38125,13733.892547607422,3720.0000000000005,1,1.38125,26761.2685546875,4650,0,1.38125,17081.98519897461,4650,0,1.38125,26932.820556640625,3720.0000000000005,1,1.38125,21690.550979614258,3714,400,3854,4429,400,400,3712,400,400,400,4640,3721,3752,4641,400,3697,0,0,3.3333334922790527,6.896551609039307,0,3.4482758045196533,3.3333334922790527,3.3333334922790527,3.3333334922790527,0,0,3.3333334922790527,3.4482758045196533,10,9.67741870880127,3.3333334922790527,12282,505,5510,33,2,16621068288,57982050304,3342802944,0
199,1729361055162,22748.468978881836,3720.0000000000005,1,1.3875,23051.415451049805,3720.0000000000005,1,1.3875,26764.656967163086,3720.0000000000005,1,1.3875,20182.00032043457,4650,0,1.3875,13733.892807006836,3720.0000000000005,1,1.3875,26761.268798828125,3720.0000000000005,1,1.3875,17082.108673095703,4650,0,1.3875,26932.82080078125,3720.0000000000005,1,1.3875,21690.80387878418,3714,400,3854,4429,400,400,3712,400,400,400,4640,3721,3752,4641,400,3697,0,0,3.3333334922790527,6.896551609039307,0,3.4482758045196533,3.3333334922790527,3.3333334922790527,3.3333334922790527,0,0,3.3333334922790527,3.4482758045196533,10,9.67741870880127,3.3333334922790527,12282,505,5510,33,2,16621068288,57982050304,3351031808,0
199,1729361055362,22748.993377685547,3720.0000000000005,1,1.29375,23051.95343017578,3720.0000000000005,1,1.29375,26765.177642822266,3720.0000000000005,1,1.29375,20183.54704284668,4650,0,1.29375,13734.423645019531,3720.0000000000005,1,1.29375,26761.802047729492,3720.0000000000005,1,1.29375,17082.732452392578,3720.0000000000005,1,1.29375,26933.34735107422,3720.0000000000005,1,1.29375,21696.68426513672,3714,400,3854,4429,400,400,3712,400,400,400,4640,3721,3752,4641,400,3697,30.434782028198242,30.434782028198242,29.16666603088379,43.4782600402832,29.16666603088379,30.434782028198242,30.434782028198242,30.434782028198242,30.434782028198242,69.56521606445313,30.434782028198242,33.333335876464844,41.666664123535156,30.434782028198242,30.434782028198242,30.434782028198242,12282,505,5525,33,3,16621068288,57982050304,3382509568,0
199,1729361055562,22749.137298583984,3720.0000000000005,1,1.3875,23051.98016357422,3720.0000000000005,1,1.3875,26765.22462463379,3720.0000000000005,1,1.3875,20185.202178955078,4650,0,1.3875,13734.455841064453,3720.0000000000005,1,1.3875,26761.85905456543,3720.0000000000005,1,1.3875,17082.898956298828,3720.0000000000005,1,1.3875,26933.769424438477,3720.0000000000005,1,1.3875,21700.00405883789,3714,400,3854,4429,400,400,3712,400,400,400,4640,3721,3752,4641,400,3697,0,5,0,5,0,0,0,4.761904716491699,4.761904716491699,100,0,0,0,20,0,0,12282,508,5656,33,14,16621068288,57982050304,3425816576,0
199,1729361055763,22749.6552734375,3720.0000000000005,1,1.29375,23052.50762939453,3720.0000000000005,1,1.29375,26765.744598388672,3720.0000000000005,1,1.39375,20186.81608581543,4650,0,1.39375,13735.02766418457,3720.0000000000005,1,1.39375,26762.379852294922,3720.0000000000005,1,1.39375,17083.424423217773,3720.0000000000005,1,1.39375,26934.291793823242,3720.0000000000005,1,1.39375,21705.820434570313,3714,400,3854,4429,400,400,3712,400,400,400,4640,3721,3752,4641,400,3697,38.095237731933594,35,38.095237731933594,45,36.842105865478516,35,35,36.842105865478516,36.842105865478516,95.23809814453125,42.85714340209961,35,36.842105865478516,35,38.095237731933594,35,12282,508,5677,33,6,16621068288,57982050304,3446652928,0
199,1729361055963,22749.73028564453,3720.0000000000005,1,1.4,23052.581909179688,3720.0000000000005,1,1.4,26765.814392089844,3720.0000000000005,1,1.4,20188.55812072754,4650,0,1.4,13735.066268920898,3720.0000000000005,1,1.4,26762.52261352539,3720.0000000000005,1,1.4,17083.521560668945,4650,0,1.4,26934.41194152832,3720.0000000000005,1,1.4,21708.905334472656,3714,400,3854,4429,400,400,3712,400,400,400,4640,3721,3752,4641,400,3697,9.090909004211426,5,0,5,0,0,4.761904716491699,0,0,100,0,10,0,5,0,0,12282,508,5666,33,2,16621068288,57982050304,3461844992,0
199,1729361056163,22749.900924682617,3720.0000000000005,1,1.3875,23052.602752685547,4650,0,1.3875,26765.84832763672,3720.0000000000005,1,1.3875,20190.121017456055,4650,0,1.3875,13735.091003417969,3720.0000000000005,1,1.3875,26762.552993774414,3720.0000000000005,1,1.3875,17083.594512939453,4650,0,1.3875,26934.465744018555,3720.0000000000005,1,1.3875,21711.777145385742,3714,400,3854,4429,400,400,3712,400,400,400,4640,3721,3752,4641,400,3697,0,0,0,5.263157844543457,0,0,0,0,0,100,4.761904716491699,0,5,0,9.523809432983398,0,12282,508,5758,33,23,16621068288,57982050304,3480866816,0
199,1729361056363,22750.12077331543,4650,0,1.4,23052.686889648438,3720.0000000000005,1,1.4,26765.87010192871,3720.0000000000005,1,1.4,20191.863571166992,4650,0,1.4,13735.12255859375,3720.0000000000005,1,1.4,26762.688079833984,4650,0,1.4,17083.66569519043,3720.0000000000005,1,1.4,26934.544815063477,3720.0000000000005,1,1.3875,21714.985794067383,3714,400,3854,4429,400,400,3712,400,400,400,4640,3721,3752,4641,400,3697,0,0,0,13.636363983154297,0,4.761904716491699,0,9.523809432983398,0,100,0,0,0,0,5.263157844543457,5,12282,510,5967,33,23,16621068288,57982050304,3561263104,0
199,1729361056563,22750.262756347656,3720.0000000000005,1,1.31875,23052.714553833008,3720.0000000000005,1,1.31875,26765.87957763672,3720.0000000000005,1,1.31875,20193.809005737305,4650,0,1.31875,13735.125869750977,3720.0000000000005,1,1.31875,26762.769973754883,3720.0000000000005,1,1.31875,17083.705444335938,3720.0000000000005,1,1.31875,26934.590606689453,3720.0000000000005,1,1.31875,21718.20785522461,3714,400,3854,4429,400,400,3712,400,400,400,4640,3721,3752,4641,400,3697,0,4.761904716491699,0,0,0,0,0,0,0,100,0,0,0,0,5,0,12282,510,6150,33,23,16621068288,57982050304,3578040320,0
199,1729361056763,22750.378005981445,3720.0000000000005,1,1.40625,23052.74073791504,4650,0,1.40625,26765.883026123047,3720.0000000000005,1,1.40625,20195.906036376953,4650,0,1.40625,13735.12922668457,3720.0000000000005,1,1.40625,26762.83171081543,3720.0000000000005,1,1.40625,17083.763565063477,3720.0000000000005,1,1.40625,26934.66241455078,3720.0000000000005,1,1.40625,21721.52960205078,3714,400,3854,4429,400,400,3712,400,400,400,4640,3721,3752,4641,400,3697,0,0,0,10,4.761904716491699,0,0,0,0,100,0,0,5,4.761904716491699,5,0,12282,510,6211,33,22,16621068288,57982050304,3577942016,0
199,1729361056963,22750.400177001953,3720.0000000000005,1,1.30625,23052.784774780273,3720.0000000000005,1,1.30625,26765.946746826172,3720.0000000000005,1,1.30625,20197.90478515625,4650,0,1.40625,13735.18571472168,3720.0000000000005,1,1.40625,26762.855407714844,3720.0000000000005,1,1.40625,17083.785385131836,3720.0000000000005,1,1.40625,26934.69989013672,3720.0000000000005,1,1.40625,21724.660415649414,3714,400,3854,4429,400,400,3712,400,400,400,4640,3721,3752,4641,400,3697,0,0,0,5,0,0,0,0,0,100,0,0,4.761904716491699,0,0,0,12282,510,6265,33,4,16621068288,57982050304,3578253312,0
199,1729361057163,22750.417388916016,3720.0000000000005,1,1.30625,23052.80403137207,3720.0000000000005,1,1.30625,26765.949905395508,3720.0000000000005,1,1.30625,20199.810317993164,4650,0,1.30625,13735.191711425781,3720.0000000000005,1,1.30625,26762.868362426758,3720.0000000000005,1,1.30625,17083.796493530273,3720.0000000000005,1,1.30625,26934.705459594727,3720.0000000000005,1,1.30625,21727.584991455078,3714,400,3854,4429,400,400,3712,400,400,400,4640,3721,3752,4641,400,3697,0,0,0,5.263157844543457,0,0,0,0,0,100,0,0,0,0,0,0,12282,510,6197,33,2,16621068288,57982050304,3578253312,0
199,1729361057363,22750.468048095703,3720.0000000000005,1,1.29375,23052.832595825195,4650,0,1.29375,26765.957977294922,3720.0000000000005,1,1.29375,20201.807388305664,4650,0,1.29375,13735.222702026367,3720.0000000000005,1,1.29375,26762.928604125977,3720.0000000000005,1,1.29375,17083.818893432617,3720.0000000000005,1,1.29375,26934.743942260742,3720.0000000000005,1,1.29375,21730.632522583008,3714,400,3854,4429,400,400,3712,400,400,400,4640,3721,3752,4641,400,3697,5,5,0,9.523809432983398,0,0,0,0,0,100,4.761904716491699,9.090909004211426,0,0,0,0,12282,510,5973,33,3,16621068288,57982050304,3579527168,0
199,1729361057563,22750.49981689453,3720.0000000000005,1,1.3,23052.83758544922,3720.0000000000005,1,1.3,26765.96063232422,3720.0000000000005,1,1.3,20203.509643554688,4650,0,1.3875,13735.22883605957,3720.0000000000005,1,1.3875,26762.94985961914,3720.0000000000005,1,1.3875,17083.83137512207,3720.0000000000005,1,1.3875,26934.756958007813,3720.0000000000005,1,1.3875,21733.318618774414,3714,400,3854,4429,400,400,3712,400,400,400,4640,3721,3752,4641,400,3697,0,0,0,5,0,0,0,0,0,100,0,0,0,4.761904716491699,4.761904716491699,0,12282,510,5725,33,2,16621068288,57982050304,3578400768,0
199,1729361057763,22750.521926879883,3720.0000000000005,1,1.29375,23052.840942382813,3720.0000000000005,1,1.29375,26765.962127685547,3720.0000000000005,1,1.29375,20204.878448486328,4650,0,1.29375,13735.23030090332,3720.0000000000005,1,1.29375,26762.969451904297,3720.0000000000005,1,1.29375,17083.841064453125,3720.0000000000005,1,1.29375,26934.76885986328,3720.0000000000005,1,1.39375,21735.73114013672,3714,400,3854,4429,400,400,3712,400,400,400,4640,3721,3752,4641,400,3697,0,0,0,10,0,0,0,0,0,100,0,0,0,0,0,0,12282,510,5500,33,2,16621068288,57982050304,3578658816,0
199,1729361057963,22750.616455078125,4650,0,1.3875,23052.861892700195,3720.0000000000005,1,1.3875,26765.964233398438,3720.0000000000005,1,1.3875,20206.54234313965,4650,0,1.3875,13735.232437133789,3720.0000000000005,1,1.3875,26762.989837646484,3720.0000000000005,1,1.3875,17083.853729248047,3720.0000000000005,1,1.3875,26934.77471923828,3720.0000000000005,1,1.3875,21738.41389465332,3714,400,3854,4429,400,400,3712,400,400,400,4640,3721,3752,4641,400,3697,5,0,0,0,0,0,0,0,0,100,0,4.761904716491699,0,0,0,0,12282,510,5330,33,2,16621068288,57982050304,3595161600,0
199,1729361058163,22750.706954956055,3720.0000000000005,1,1.3,23052.872787475586,3720.0000000000005,1,1.3,26765.97882080078,3720.0000000000005,1,1.3,20208.241989135742,4650,0,1.3,13735.235290527344,3720.0000000000005,1,1.3875,26763.01205444336,3720.0000000000005,1,1.3875,17083.863204956055,3720.0000000000005,1,1.3875,26934.783432006836,3720.0000000000005,1,1.3875,21741.18196105957,3714,400,3854,4429,400,400,3712,400,400,400,4640,3721,3752,4641,400,3697,9.523809432983398,0,0,0,0,0,0,0,0,100,0,0,0,0,0,0,12282,510,5284,33,2,16621068288,57982050304,3595161600,0
199,1729361058363,22750.800384521484,3720.0000000000005,1,1.3,23052.883758544922,3720.0000000000005,1,1.3,26766.036987304688,3720.0000000000005,1,1.3,20209.995391845703,4650,0,1.3,13735.257537841797,3720.0000000000005,1,1.3,26763.029403686523,3720.0000000000005,1,1.3,17083.897506713867,3720.0000000000005,1,1.3,26934.833755493164,3720.0000000000005,1,1.3,21744.166213989258,3714,400,3854,4429,400,400,3712,400,400,400,4640,3721,3752,4641,400,3697,5,0,5,0,0,0,0,0,0,100,0,0,0,0,0,0,12282,510,5247,33,3,16621068288,57982050304,3597688832,0
199,1729361058563,22750.899536132813,4650,0,1.38125,23052.90399169922,3720.0000000000005,1,1.38125,26766.058624267578,3720.0000000000005,1,1.38125,20211.709991455078,4650,0,1.38125,13735.26057434082,3720.0000000000005,1,1.38125,26763.032501220703,3720.0000000000005,1,1.38125,17083.913543701172,3720.0000000000005,1,1.38125,26934.84504699707,3720.0000000000005,1,1.38125,21746.937057495117,3714,400,3854,4429,400,400,3712,400,400,400,4640,3721,3752,4641,400,3697,5,0,0,0,0,0,0,0,0,100,0,0,0,0,0,0,12282,510,5247,33,2,16621068288,57982050304,3597688832,0
199,1729361058764,22750.987213134766,3720.0000000000005,1,1.3,23052.907821655273,3720.0000000000005,1,1.3,26766.079818725586,3720.0000000000005,1,1.3,20213.415588378906,4650,0,1.3,13735.263549804688,3720.0000000000005,1,1.38125,26763.035598754883,3720.0000000000005,1,1.38125,17083.923751831055,3720.0000000000005,1,1.38125,26934.855255126953,3720.0000000000005,1,1.38125,21749.769561767578,3714,400,3854,4429,400,400,3712,400,400,400,4640,3721,3752,4641,400,3697,5.263157844543457,0,4.761904716491699,0,0,0,0,0,0,100,0,0,0,0,0,0,12282,510,5279,33,2,16621068288,57982050304,3601817600,0
199,1729361058964,22751.005310058594,3720.0000000000005,1,1.3,23052.988845825195,3720.0000000000005,1,1.3,26766.102981567383,3720.0000000000005,1,1.3,20215.186477661133,4650,0,1.3,13735.273574829102,3720.0000000000005,1,1.3,26763.03874206543,3720.0000000000005,1,1.3,17083.93621826172,3720.0000000000005,1,1.3,26934.86557006836,3720.0000000000005,1,1.39375,21752.632843017578,3714,400,3854,4429,400,400,3712,400,400,400,4640,3721,3752,4641,400,3697,0,5,0,0,0,0,0,0,0,100,0,0,0,0,5,0,12282,510,5269,33,2,16621068288,57982050304,3606233088,0
199,1729361059164,22751.516555786133,4650,0,1.375,23053.543212890625,4650,0,1.375,26766.35270690918,3720.0000000000005,1,1.375,20216.83787536621,4650,0,1.375,13735.551483154297,3720.0000000000005,1,1.375,26763.49351501465,4650,0,1.375,17084.373809814453,4650,0,1.375,26935.34620666504,4650,0,1.375,21757.923385620117,3714,400,3854,4429,400,400,3712,400,400,400,4640,3721,3752,4641,400,3697,30.000001907348633,31.57894515991211,0,5,15.000000953674316,20,28.571430206298828,30.000001907348633,19.047618865966797,100,15.000000953674316,26.3157901763916,10.526315689086914,25,25,25,12282,510,5290,33,2,16621068288,57982050304,3865055232,0
199,1729361059364,22751.65216064453,3560,1,1.1875,23053.95344543457,3560,1,1.1875,26766.393600463867,3579.9999999999995,1,1.1875,20217.934677124023,4475,0,1.28125,13735.59912109375,4475,0,1.28125,26763.616485595703,3579.9999999999995,1,1.28125,17084.402114868164,3579.9999999999995,1,1.28125,26935.491821289063,3579.9999999999995,1,1.28125,21761.06886291504,3714,400,3854,4429,400,400,3712,400,400,400,4640,3721,3752,4641,400,3697,5,19.047618865966797,0,5,0,0,0,0,0,85.71428680419922,0,10,9.090909004211426,10,10,21.052631378173828,12282,510,5317,33,3,16621068288,57982050304,4138373120,0
199,1729361059564,22751.653732299805,3720.0000000000005,1,1.30625,23053.960693359375,3720.0000000000005,1,1.30625,26766.406326293945,3720.0000000000005,1,1.30625,20219.587600708008,4650,0,1.30625,13735.61801147461,3720.0000000000005,1,1.30625,26763.62355041504,3720.0000000000005,1,1.30625,17084.417358398438,3720.0000000000005,1,1.40625,26935.493240356445,3720.0000000000005,1,1.40625,21763.89859008789,3714,400,3854,4429,400,400,3712,400,400,400,4640,3721,3752,4641,400,3697,0,0,0,10,5,0,0,0,0,100,0,0,0,0,0,0,12282,510,5355,33,2,16621068288,57982050304,4138373120,0
199,1729361059764,22751.67547607422,3720.0000000000005,1,1.30625,23053.96434020996,3720.0000000000005,1,1.30625,26766.421310424805,3720.0000000000005,1,1.30625,20221.432662963867,4650,0,1.30625,13735.647674560547,3720.0000000000005,1,1.30625,26763.626754760742,3720.0000000000005,1,1.30625,17084.42658996582,3720.0000000000005,1,1.30625,26935.49639892578,3720.0000000000005,1,1.30625,21766.878967285156,3714,400,3854,4429,400,400,3712,400,400,400,4640,3721,3752,4641,400,3697,0,0,4.761904716491699,9.523809432983398,0,0,0,0,0,100,0,0,0,0,0,0,12282,510,5355,33,2,16621068288,57982050304,4138373120,0
199,1729361059964,22751.685333251953,3720.0000000000005,1,1.38125,23053.983001708984,3720.0000000000005,1,1.38125,26766.432983398438,3720.0000000000005,1,1.38125,20223.062469482422,4650,0,1.38125,13735.673919677734,3720.0000000000005,1,1.38125,26763.63006591797,3720.0000000000005,1,1.38125,17084.437393188477,3720.0000000000005,1,1.38125,26935.509201049805,3720.0000000000005,1,1.38125,21769.776657104492,3714,400,3854,4429,400,400,3712,400,400,400,4640,3721,3752,4641,400,3697,0,0,0,5,0,0,0,0,0,100,0,0,0,0,0,0,12282,510,5338,33,2,16621068288,57982050304,4025126912,0
199,1729361060164,22751.695037841797,3720.0000000000005,1,1.29375,23053.99464416504,3720.0000000000005,1,1.29375,26766.459899902344,3720.0000000000005,1,1.29375,20224.57015991211,4650,0,1.29375,13735.700500488281,3720.0000000000005,1,1.39375,26763.641143798828,3720.0000000000005,1,1.39375,17084.46208190918,3720.0000000000005,1,1.39375,26935.51351928711,3720.0000000000005,1,1.39375,21772.276107788086,3714,400,3854,4429,400,400,3712,400,400,400,4640,3721,3752,4641,400,3697,0,0,0,15.000000953674316,0,0,0,0,0,94.73684692382813,0,0,0,0,0,0,12282,510,5332,33,2,16621068288,57982050304,3912491008,0
199,1729361060364,22751.73077392578,3720.0000000000005,1,1.29375,23054.062591552734,3720.0000000000005,1,1.29375,26766.487335205078,3720.0000000000005,1,1.29375,20226.24249267578,4650,0,1.29375,13735.735748291016,3720.0000000000005,1,1.29375,26763.67027282715,3720.0000000000005,1,1.29375,17084.508697509766,3720.0000000000005,1,1.29375,26935.59083557129,4650,0,1.29375,21775.11358642578,3714,400,3854,4429,400,400,3712,400,400,400,4640,3721,3752,4641,400,3697,0,0,0,0,9.090909004211426,0,0,0,0,100,0,0,0,5,0,5,12282,510,5335,33,3,16621068288,57982050304,3929944064,0
199,1729361060564,22751.73747253418,3720.0000000000005,1,1.39375,23054.087615966797,3720.0000000000005,1,1.39375,26766.496627807617,3720.0000000000005,1,1.39375,20227.960540771484,4650,0,1.39375,13735.752075195313,3720.0000000000005,1,1.39375,26763.673706054688,3720.0000000000005,1,1.39375,17084.517303466797,3720.0000000000005,1,1.39375,26935.659408569336,4650,0,1.39375,21777.8759765625,3714,400,3854,4429,400,400,3712,400,400,400,4640,3721,3752,4641,400,3697,0,0,0,0,0,0,0,0,0,100,0,0,0,5,0,0,12282,510,5304,33,2,16621068288,57982050304,3931815936,0
199,1729361060764,22751.750946044922,3720.0000000000005,1,1.29375,23054.107452392578,3720.0000000000005,1,1.29375,26766.50471496582,3720.0000000000005,1,1.29375,20229.664947509766,4650,0,1.29375,13735.76547241211,3720.0000000000005,1,1.29375,26763.68199157715,3720.0000000000005,1,1.29375,17084.536697387695,3720.0000000000005,1,1.3875,26935.728607177734,4650,0,1.3875,21780.654876708984,3714,400,3854,4429,400,400,3712,400,400,400,4640,3721,3752,4641,400,3697,5,0,0,0,0,0,0,0,0,100,0,0,0,5,0,4.761904716491699,12282,510,5294,33,2,16621068288,57982050304,3932327936,0
199,1729361060964,22751.77766418457,3720.0000000000005,1,1.29375,23054.15266418457,3720.0000000000005,1,1.29375,26766.659088134766,3720.0000000000005,1,1.29375,20231.445190429688,4650,0,1.29375,13735.792434692383,3720.0000000000005,1,1.29375,26763.75294494629,3720.0000000000005,1,1.29375,17084.582061767578,3720.0000000000005,1,1.29375,26935.853134155273,4650,0,1.29375,21783.730590820313,3714,400,3854,4429,400,400,3712,400,400,400,4640,3721,3752,4641,400,3697,4.761904716491699,0,9.523809432983398,0,0,5,0,0,0,100,0,0,0,9.523809432983398,0,5,12282,510,5282,33,2,16621068288,57982050304,3919761408,0
199,1729361061164,22751.802825927734,3720.0000000000005,1,1.3875,23054.17559814453,3720.0000000000005,1,1.3875,26766.66603088379,3720.0000000000005,1,1.3875,20233.14712524414,4650,0,1.3875,13735.807205200195,3720.0000000000005,1,1.3875,26763.758499145508,3720.0000000000005,1,1.3875,17084.601760864258,3720.0000000000005,1,1.3875,26935.9287109375,4650,0,1.3875,21786.49610900879,3714,400,3854,4429,400,400,3712,400,400,400,4640,3721,3752,4641,400,3697,0,0,0,0,0,0,0,4.761904716491699,0,100,0,0,0,5,0,0,12282,507,5301,33,2,16621068288,57982050304,3914674176,0
199,1729361061365,22751.860610961914,3720.0000000000005,1,1.29375,23054.195541381836,3720.0000000000005,1,1.29375,26766.700607299805,3720.0000000000005,1,1.29375,20234.90464782715,4650,0,1.29375,13735.849334716797,3720.0000000000005,1,1.3875,26763.77032470703,3720.0000000000005,1,1.3875,17084.63607788086,3720.0000000000005,1,1.3875,26936.010498046875,4650,0,1.3875,21789.468292236328,3714,400,3854,4429,400,400,3712,400,400,400,4640,3721,3752,4641,400,3697,0,0,0,0,0,0,0,0,0,100,0,0,0,5,0,0,12282,507,5301,33,2,16621068288,57982050304,3915956224,0
199,1729361061565,22751.91000366211,3720.0000000000005,1,1.29375,23054.203826904297,3720.0000000000005,1,1.29375,26766.704193115234,3720.0000000000005,1,1.29375,20236.61390686035,4650,0,1.29375,13735.863830566406,3720.0000000000005,1,1.29375,26763.78160095215,3720.0000000000005,1,1.29375,17084.64877319336,3720.0000000000005,1,1.29375,26936.089614868164,3720.0000000000005,1,1.29375,21792.286239624023,3714,400,3854,4429,400,400,3712,400,400,400,4640,3721,3752,4641,400,3697,4.761904716491699,0,0,0,9.523809432983398,0,0,0,0,100,0,0,0,5,0,0,12282,507,5285,33,1,16621068288,57982050304,3915956224,0
199,1729361061765,22751.929763793945,3720.0000000000005,1,1.3875,23054.2099609375,3720.0000000000005,1,1.3875,26766.717376708984,3720.0000000000005,1,1.3875,20238.303298950195,4650,0,1.3875,13735.8779296875,3720.0000000000005,1,1.3875,26763.788192749023,3720.0000000000005,1,1.3875,17084.662689208984,3720.0000000000005,1,1.3875,26936.15754699707,4650,0,1.3875,21795.016052246094,3714,400,3854,4429,400,400,3712,400,400,400,4640,3721,3752,4641,400,3697,0,0,0,0,0,0,4.761904716491699,4.761904716491699,0,100,0,0,0,5.263157844543457,0,0,12282,507,5292,33,2,16621068288,57982050304,3916210176,0
199,1729361061965,22751.976135253906,3720.0000000000005,1,1.39375,23054.24089050293,4650,0,1.39375,26766.739227294922,3720.0000000000005,1,1.39375,20240.08869934082,4650,0,1.3875,13735.912780761719,3720.0000000000005,1,1.3875,26763.847366333008,3720.0000000000005,1,1.3875,17084.701263427734,3720.0000000000005,1,1.3875,26936.240142822266,4650,0,1.3875,21798.02684020996,3714,400,3854,4429,400,400,3712,400,400,400,4640,3721,3752,4641,400,3697,0,0,0,0,0,0,0,0,0,100,0,0,5,0,0,0,12282,507,5300,33,2,16621068288,57982050304,3916591104,0
202,1729361062165,22752.02342224121,3720.0000000000005,1,1.29375,23054.24887084961,3720.0000000000005,1,1.29375,26766.753540039063,3720.0000000000005,1,1.29375,20241.816802978516,4650,0,1.29375,13735.939529418945,3720.0000000000005,1,1.29375,26763.85073852539,3720.0000000000005,1,1.29375,17084.717208862305,3720.0000000000005,1,1.29375,26936.31851196289,3720.0000000000005,1,1.29375,21800.871704101563,3714,400,3854,4429,400,400,3712,400,400,400,4640,3721,3752,4641,400,3697,5,0,0,0,0,0,0,0,0,100,0,0,0,5,0,0,12282,507,5314,33,2,16621068288,57982050304,3916591104,0
199,1729361062368,22752.768600463867,4650,0,1.35625,23054.938079833984,4650,0,1.35625,26767.47233581543,4650,0,1.35625,20243.06268310547,4650,0,1.35625,13736.686431884766,4650,0,1.35625,26764.54116821289,4650,0,1.35625,17085.416427612305,4650,0,1.35625,26937.078872680664,4650,0,1.35625,21807.6876373291,3714,400,3854,4429,400,400,3712,400,400,400,4640,3721,3752,4641,400,3697,65,60.000003814697266,66.66667175292969,63.15789031982422,65,65,65,63.15789031982422,65,95,66.66667175292969,61.904762268066406,65,66.66667175292969,66.66667175292969,61.904762268066406,12282,507,5313,33,2,16621068288,57982050304,5254791168,0
204,1729361062568,22754.73567199707,4450,0,1.2625,23056.915771484375,4450,0,1.2625,26769.454391479492,4450,0,1.2625,20245.0284576416,4450,0,1.2625,13738.67448425293,4450,0,1.2625,26766.510055541992,4450,0,1.2625,17087.365325927734,4450,0,1.2625,26939.05206298828,4450,0,1.2625,21823.41519165039,3714,400,3854,4429,400,400,3712,400,400,400,4640,3721,3752,4641,400,3697,100,100,100,100,100,100,100,100,100,100,100,100,100,100,100,100,12282,507,5331,33,4,16621068288,57982050304,5278531584,0
201,1729361062773,22756.603942871094,4375,0,1.23125,23058.780807495117,4375,0,1.23125,26771.31575012207,4375,0,1.23125,20246.890533447266,4375,0,1.23125,13740.548126220703,4375,0,1.23125,26768.379592895508,4375,0,1.23125,17089.207092285156,4375,0,1.23125,26940.874237060547,4375,0,1.23125,21838.150802612305,3714,400,3854,4429,400,400,3712,400,400,400,4640,3721,3752,4641,400,3697,100,100,100,100,100,100,100,100,100,100,100,100,100,100,100,100,12282,507,5326,33,3,16621068288,57982050304,5294014464,0
199,1729361062975,22758.463577270508,4425,0,1.25,23060.646041870117,4425,0,1.25,26773.18962097168,4425,0,1.25,20248.755981445313,4425,0,1.25,13742.421997070313,4425,0,1.25625,26770.243103027344,4425,0,1.25625,17091.053482055664,4425,0,1.25625,26942.704025268555,4425,0,1.25625,21852.91632080078,3714,400,3854,4429,400,400,3712,400,400,400,4640,3721,3752,4641,400,3697,100,100,100,100,100,100,100,100,100,100,100,100,100,100,100,100,12282,507,5340,33,2,16621068288,57982050304,5294014464,0
199,1729361063175,22760.378982543945,4425,0,1.25625,23062.4658203125,4425,0,1.25625,26775.113403320313,4425,0,1.25625,20250.681594848633,4425,0,1.25625,13744.35124206543,4425,0,1.25625,26772.09474182129,4425,0,1.25625,17092.85725402832,4425,0,1.25625,26944.492614746094,4425,0,1.25625,21867.7872467041,3714,400,3854,4429,400,400,3712,400,400,400,4640,3721,3752,4641,400,3697,100,100,100,100,100,100,100,100,100,100,100,100,100,100,100,100,12282,507,5330,33,2,16621068288,57982050304,5294014464,0
201,1729361063375,22762.243942260742,4425,0,1.25625,23064.332809448242,4425,0,1.25625,26776.995315551758,4425,0,1.25625,20252.56282043457,4425,0,1.25625,13746.23486328125,4425,0,1.25625,26773.975692749023,4425,0,1.25625,17094.696853637695,4425,0,1.25625,26946.331573486328,4425,0,1.25625,21882.63786315918,3714,400,3854,4429,400,400,3712,400,400,400,4640,3721,3752,4641,400,3697,100,100,100,100,100,100,100,100,100,100,100,100,100,100,100,100,12282,507,5327,33,3,16621068288,57982050304,5294014464,0
199,1729361063577,22764.113189697266,4425,0,1.25625,23066.219818115234,4400,0,1.25625,26778.900146484375,4400,0,1.25625,20254.471069335938,4400,0,1.25625,13748.15934753418,4400,0,1.25625,26775.895584106445,4400,0,1.25625,17096.597732543945,4400,0,1.24375,26948.21112060547,4400,0,1.24375,21897.852416992188,3714,400,3854,4429,400,400,3712,400,400,400,4640,3721,3752,4641,400,3697,100,100,100,100,100,100,100,100,100,100,100,100,100,100,100,100,12282,507,5311,33,2,16621068288,57982050304,5294014464,0
203,1729361063777,22765.981491088867,4400,0,1.24375,23068.08949279785,4400,0,1.24375,26780.74690246582,4400,0,1.24375,20256.32228088379,4400,0,1.24375,13750.011856079102,4400,0,1.24375,26777.7421875,4400,0,1.24375,17098.42384338379,4400,0,1.24375,26950.042755126953,4400,0,1.24375,21912.748504638672,3714,400,3854,4429,400,400,3712,400,400,400,4640,3721,3752,4641,400,3697,100,100,100,100,100,100,100,100,100,100,100,100,100,100,100,100,12282,507,5280,33,2,16621068288,57982050304,5294739456,0
203,1729361063981,22767.889739990234,4400,0,1.24375,23069.99884033203,4400,0,1.24375,26782.661209106445,4400,0,1.24375,20258.23712158203,4400,0,1.24375,13751.931686401367,4400,0,1.24375,26779.66032409668,4400,0,1.24375,17100.315002441406,4400,0,1.24375,26951.891189575195,4400,0,1.24375,21927.76820373535,3714,400,3854,4429,400,400,3712,400,400,400,4640,3721,3752,4641,400,3697,100,100,100,100,100,100,100,100,100,100,100,100,100,100,100,100,12282,507,5249,33,2,16621068288,57982050304,5294739456,0
201,1729361064185,22769.789596557617,4425,0,1.2625,23071.898666381836,4425,0,1.2625,26784.567428588867,4425,0,1.2625,20260.149963378906,4425,0,1.2625,13753.845413208008,4425,0,1.2625,26781.572540283203,4425,0,1.2625,17102.20181274414,4425,0,1.2625,26953.744201660156,4425,0,1.2625,21943.018112182617,3714,400,3854,4429,400,400,3712,400,400,400,4640,3721,3752,4641,400,3697,100,100,100,100,100,100,100,100,100,100,100,100,100,100,100,100,12282,507,5214,33,2,16621068288,57982050304,5294739456,0
203,1729361064387,22771.68048095703,4400,0,1.24375,23073.79034423828,4400,0,1.24375,26786.461959838867,4400,0,1.24375,20262.054794311523,4400,0,1.24375,13755.744323730469,4400,0,1.24375,26783.455200195313,4400,0,1.24375,17104.0724029541,4400,0,1.24375,26955.626434326172,4400,0,1.24375,21958.05728149414,3714,400,3854,4429,400,400,3712,400,400,400,4640,3721,3752,4641,400,3697,100,100,100,100,100,100,100,100,100,100,100,100,100,100,100,100,12282,507,5198,33,3,16621068288,57982050304,5302738944,0
203,1729361064591,22773.582717895508,4400,0,1.24375,23075.68963623047,4400,0,1.24375,26788.360290527344,4400,0,1.24375,20263.977951049805,4400,0,1.24375,13757.669570922852,4400,0,1.24375,26785.3768157959,4400,0,1.24375,17105.95262145996,4400,0,1.24375,26957.509796142578,4400,0,1.24375,21973.34635925293,3714,400,3854,4429,400,400,3712,400,400,400,4640,3721,3752,4641,400,3697,100,100,100,100,100,100,100,100,100,100,100,100,100,100,100,100,12282,507,5156,33,2,16621068288,57982050304,5261987840,0
203,1729361064795,22775.49220275879,4425,0,1.24375,23077.60368347168,4425,0,1.24375,26790.280044555664,4425,0,1.24375,20265.89500427246,4425,0,1.24375,13759.588256835938,4425,0,1.24375,26787.293869018555,4425,0,1.24375,17107.83203125,4425,0,1.24375,26959.355087280273,4425,0,1.24375,21988.53337097168,3714,400,3854,4429,400,400,3712,400,400,400,4640,3721,3752,4641,400,3697,100,100,100,100,100,100,100,100,100,100,100,100,100,100,100,100,12282,507,5158,33,2,16621068288,57982050304,5263773696,0
203,1729361064999,22777.405075073242,4400,0,1.24375,23079.50242614746,4400,0,1.24375,26792.198760986328,4400,0,1.24375,20267.822662353516,4425,0,1.24375,13761.512100219727,4425,0,1.24375,26789.215545654297,4425,0,1.24375,17109.708694458008,4425,0,1.24375,26961.236618041992,4425,0,1.24375,22003.845642089844,3714,400,3854,4429,400,400,3712,400,400,400,4640,3721,3752,4641,400,3697,100,100,100,100,100,100,100,100,100,100,100,100,100,100,100,100,12282,507,5165,33,2,16621068288,57982050304,5263773696,0
203,1729361065203,22779.307418823242,4400,0,1.25625,23081.40542602539,4400,0,1.25625,26794.098266601563,4400,0,1.25625,20269.74087524414,4400,0,1.25625,13763.42691040039,4400,0,1.25625,26791.130569458008,4400,0,1.25625,17111.581787109375,4400,0,1.25625,26963.11444091797,4400,0,1.25625,22019.169342041016,3714,400,3854,4429,400,400,3712,400,400,400,4640,3721,3752,4641,400,3697,100,100,100,100,100,100,100,100,100,100,100,100,100,100,100,100,12282,507,5196,33,2,16621068288,57982050304,5263773696,0
201,1729361065407,22781.234588623047,4400,0,1.25,23083.26072692871,4400,0,1.25,26795.954345703125,4400,0,1.25,20271.682250976563,4400,0,1.25,13765.359329223633,4400,0,1.25,26793.07145690918,4400,0,1.25,17113.416137695313,4400,0,1.25,26965.009338378906,4400,0,1.25,22034.267684936523,3714,400,3854,4429,400,400,3712,400,400,400,4640,3721,3752,4641,400,3697,100,100,100,100,100,100,100,100,100,100,100,100,100,100,100,100,12282,507,5203,33,3,16621068288,57982050304,5280030720,0
202,1729361065609,22783.170654296875,4400,0,1.24375,23085.194610595703,4400,0,1.24375,26797.897399902344,4400,0,1.24375,20273.630279541016,4400,0,1.24375,13767.306274414063,4400,0,1.24375,26794.896194458008,4400,0,1.24375,17115.265060424805,4400,0,1.24375,26966.93521118164,4400,0,1.24375,22049.6268157959,3714,400,3854,4429,400,400,3712,400,400,400,4640,3721,3752,4641,400,3697,100,100,100,100,100,100,100,100,100,100,100,100,100,100,100,100,12282,507,5240,33,2,16621068288,57982050304,5296287744,0
201,1729361065812,22785.0421295166,4400,0,1.24375,23087.06932067871,4400,0,1.24375,26799.705291748047,4400,0,1.24375,20275.518127441406,4400,0,1.24375,13769.19270324707,4400,0,1.24375,26796.778396606445,4400,0,1.24375,17117.05793762207,4400,0,1.24375,26968.801330566406,4400,0,1.24375,22064.541732788086,3714,400,3854,4429,400,400,3712,400,400,400,4640,3721,3752,4641,400,3697,100,100,100,100,100,100,100,100,100,100,100,100,100,100,100,100,12282,507,5291,33,2,16621068288,57982050304,5296529408,0
199,1729361066014,22786.94253540039,4400,0,1.24375,23088.975967407227,4400,0,1.24375,26801.550994873047,4400,0,1.24375,20277.43650817871,4400,0,1.25,13771.110626220703,4400,0,1.25,26798.692169189453,4400,0,1.25,17118.877319335938,4400,0,1.25,26970.66180419922,4400,0,1.25,22079.689712524414,3714,400,3854,4429,400,400,3712,400,400,400,4640,3721,3752,4641,400,3697,100,100,100,100,100,100,100,100,100,100,100,100,100,100,100,100,12282,507,5325,33,2,16621068288,57982050304,5296529408,0
202,1729361066214,22788.825241088867,4400,0,1.24375,23090.8263092041,4400,0,1.24375,26803.43894958496,4400,0,1.24375,20279.331253051758,4400,0,1.24375,13773.005981445313,4400,0,1.24375,26800.514205932617,4400,0,1.24375,17120.669845581055,4400,0,1.24375,26972.521240234375,4400,0,1.24375,22094.69564819336,3714,400,3854,4429,400,400,3712,400,400,400,4640,3721,3752,4641,400,3697,100,100,100,100,100,100,100,100,100,100,100,100,100,100,100,100,12282,507,5376,33,2,16621068288,57982050304,5296529408,0
200,1729361066417,22790.746170043945,4400,0,1.25,23092.74444580078,4400,0,1.25,26805.313110351563,4400,0,1.25,20281.264129638672,4400,0,1.25,13774.937576293945,4400,0,1.25,26802.353729248047,4400,0,1.25,17122.488372802734,4400,0,1.25,26974.388916015625,4400,0,1.25,22109.826568603516,3714,400,3854,4429,400,400,3712,400,400,400,4640,3721,3752,4641,400,3697,100,100,100,100,100,100,100,100,100,100,100,100,100,100,100,100,12282,507,5400,33,3,16621068288,57982050304,5288894464,0
204,1729361066618,22792.69921875,4400,0,1.24375,23094.609497070313,4400,0,1.24375,26807.18016052246,4400,0,1.24375,20283.232711791992,4400,0,1.24375,13776.904266357422,4400,0,1.24375,26804.314453125,4400,0,1.24375,17124.310989379883,4400,0,1.24375,26976.324676513672,4400,0,1.24375,22125.28466796875,3714,400,3854,4429,400,400,3712,400,400,400,4640,3721,3752,4641,400,3697,100,100,100,100,100,100,100,100,100,100,100,100,100,100,100,100,12282,507,5459,33,2,16621068288,57982050304,5298176000,0
202,1729361066823,22794.582244873047,4375,0,1.24375,23096.455337524414,4375,0,1.24375,26809.01594543457,4375,0,1.24375,20285.129165649414,4375,0,1.24375,13778.730575561523,4375,0,1.24375,26806.21031188965,4375,0,1.24375,17126.130966186523,4375,0,1.24375,26978.198822021484,4375,0,1.24375,22140.23748779297,3714,400,3854,4429,400,400,3712,400,400,400,4640,3721,3752,4641,400,3697,100,100,100,100,100,100,100,100,100,100,100,100,100,100,100,100,12282,507,5479,33,2,16621068288,57982050304,5281722368,0
202,1729361067026,22796.429443359375,4375,0,1.2375,23098.355438232422,4375,0,1.2375,26810.952072143555,4375,0,1.2375,20287.06753540039,4375,0,1.2375,13780.670272827148,4375,0,1.2375,26808.146286010742,4375,0,1.2375,17127.972915649414,4375,0,1.2375,26980.016220092773,4375,0,1.2375,22155.525985717773,3714,400,3854,4429,400,400,3712,400,400,400,4640,3721,3752,4641,400,3697,100,100,100,100,100,100,100,100,100,100,100,100,100,100,100,100,12282,507,5492,33,2,16621068288,57982050304,5281722368,0
199,1729361067229,22798.33839416504,4375,0,1.2375,23100.211624145508,4375,0,1.2375,26812.818420410156,4375,0,1.2375,20288.988403320313,4375,0,1.2375,13782.587600708008,4375,0,1.2375,26810.06575012207,4375,0,1.2375,17129.816131591797,4375,0,1.2375,26981.8427734375,4375,0,1.2375,22170.76545715332,3714,400,3854,4429,400,400,3712,400,400,400,4640,3721,3752,4641,400,3697,100,100,100,100,100,100,100,100,100,100,100,100,100,100,100,100,12282,507,5466,33,2,16621068288,57982050304,5281722368,0
202,1729361067429,22800.240615844727,4400,0,1.25625,23102.111328125,4400,0,1.25625,26814.642364501953,4400,0,1.25625,20290.904174804688,4400,0,1.25625,13784.414581298828,4400,0,1.25625,26811.98014831543,4400,0,1.25625,17131.630157470703,4400,0,1.25625,26983.717254638672,4400,0,1.25625,22185.745040893555,3714,400,3854,4429,400,400,3712,400,400,400,4640,3721,3752,4641,400,3697,100,100,100,100,100,100,100,100,100,100,100,100,100,100,100,100,12282,507,5438,33,3,16621068288,57982050304,5269905408,0
203,1729361067632,22802.164978027344,4375,0,1.2375,23104.02569580078,4375,0,1.2375,26816.58186340332,4375,0,1.2375,20292.800842285156,4375,0,1.2375,13786.351608276367,4375,0,1.2375,26813.87565612793,4375,0,1.2375,17133.466064453125,4375,0,1.2375,26985.59425354004,4375,0,1.2375,22201.086044311523,3714,400,3854,4429,400,400,3712,400,400,400,4640,3721,3752,4641,400,3697,100,100,100,100,100,100,100,100,100,100,100,100,100,100,100,100,12282,507,5439,33,2,16621068288,57982050304,5269905408,0
201,1729361067836,22804.09799194336,4400,0,1.25,23105.886489868164,4400,0,1.25,26818.46351623535,4400,0,1.25,20294.73648071289,4400,0,1.25,13788.260543823242,4400,0,1.25,26815.80921936035,4400,0,1.25,17135.3184967041,4400,0,1.25,26987.46321105957,4400,0,1.25,22216.36000061035,3714,400,3854,4429,400,400,3712,400,400,400,4640,3721,3752,4641,400,3697,100,100,100,100,100,100,100,100,100,100,100,100,100,100,100,100,12282,507,5414,33,2,16621068288,57982050304,5270310912,0
201,1729361068038,22806.00439453125,4400,0,1.25,23107.770568847656,4400,0,1.25,26820.378524780273,4400,0,1.25,20296.60562133789,4400,0,1.25,13790.179260253906,4400,0,1.25,26817.704849243164,4400,0,1.25,17137.14468383789,4400,0,1.25,26989.31675720215,4400,0,1.25,22231.56771850586,3714,400,3854,4429,400,400,3712,400,400,400,4640,3721,3752,4641,400,3697,100,100,100,100,100,100,100,100,100,100,100,100,100,100,100,100,12282,507,5402,33,2,16621068288,57982050304,5287202816,0
199,1729361068240,22807.951248168945,4375,0,1.2375,23109.664611816406,4375,0,1.2375,26822.30763244629,4375,0,1.2375,20298.443923950195,4375,0,1.2375,13792.147277832031,4375,0,1.2375,26819.53746032715,4375,0,1.2375,17138.895538330078,4375,0,1.2375,26991.243087768555,4375,0,1.2375,22246.8546295166,3714,400,3854,4429,400,400,3712,400,400,400,4640,3721,3752,4641,400,3697,100,100,100,100,100,100,100,100,100,100,100,100,100,100,100,100,12282,507,5418,33,3,16621068288,57982050304,5281599488,0
199,1729361068440,22809.794982910156,4400,0,1.25,23111.511169433594,4400,0,1.25,26824.1922454834,4400,0,1.25,20300.34474182129,4400,0,1.25,13794.044143676758,4400,0,1.25,26821.435821533203,4400,0,1.25,17140.720443725586,4400,0,1.25,26993.045639038086,4400,0,1.25,22261.87126159668,3714,400,3854,4429,400,400,3712,400,400,400,4640,3721,3752,4641,400,3697,100,100,100,100,100,100,100,100,100,100,100,100,100,100,100,100,12282,507,5436,33,3,16621068288,57982050304,5275000832,0
199,1729361068640,22811.62107849121,4375,0,1.2375,23113.329818725586,4375,0,1.2375,26826.025512695313,4375,0,1.2375,20302.186965942383,4375,0,1.2375,13795.906875610352,4375,0,1.2375,26823.27621459961,4375,0,1.2375,17142.534240722656,4375,0,1.2375,26994.837631225586,4375,0,1.2375,22276.708251953125,3714,400,3854,4429,400,400,3712,400,400,400,4640,3721,3752,4641,400,3697,100,100,100,100,100,100,100,100,100,100,100,100,100,100,100,100,12282,507,5455,33,2,16621068288,57982050304,5299515392,0
199,1729361068840,22813.497665405273,4375,0,1.2375,23115.1602935791,4375,0,1.2375,26827.8797454834,4375,0,1.2375,20304.054779052734,4375,0,1.2375,13797.780517578125,4375,0,1.2375,26825.152069091797,4375,0,1.2375,17144.36506652832,4375,0,1.2375,26996.647201538086,4375,0,1.2375,22291.649673461914,3714,400,3854,4429,400,400,3712,400,400,400,4640,3721,3752,4641,400,3697,100,100,100,100,100,100,100,100,100,100,100,100,100,100,100,100,12282,507,5443,33,2,16621068288,57982050304,5297111040,0
199,1729361069040,22815.31883239746,4375,0,1.2375,23117.03530883789,4375,0,1.2375,26829.776153564453,4375,0,1.2375,20305.897674560547,4375,0,1.2375,13799.68310546875,4375,0,1.2375,26826.98846435547,4375,0,1.2375,17146.18995666504,4375,0,1.2375,26998.502731323242,4375,0,1.2375,22306.59259033203,3714,400,3854,4429,400,400,3712,400,400,400,4640,3721,3752,4641,400,3697,100,100,100,100,100,100,100,100,100,100,100,100,100,100,100,100,12282,507,5434,33,2,16621068288,57982050304,5313368064,0
203,1729361069240,22817.192428588867,4375,0,1.2375,23118.875717163086,4375,0,1.2375,26831.630432128906,4375,0,1.2375,20307.78515625,4375,0,1.2375,13801.585723876953,4375,0,1.2375,26828.851165771484,4375,0,1.2375,17148.046478271484,4375,0,1.2375,27000.382369995117,4375,0,1.2375,22321.840255737305,3714,400,3854,4429,400,400,3712,400,400,400,4640,3721,3752,4641,400,3697,100,100,100,100,100,100,100,100,100,100,100,100,100,100,100,100,12282,507,5408,33,2,16621068288,57982050304,5295779840,0
203,1729361069444,22819.068817138672,4400,0,1.25625,23120.75047302246,4400,0,1.25625,26833.525482177734,4400,0,1.25625,20309.69207763672,4400,0,1.25625,13803.49673461914,4400,0,1.25625,26830.71807861328,4400,0,1.25625,17149.889205932617,4400,0,1.25625,27002.20672607422,4400,0,1.25625,22336.833770751953,3714,400,3854,4429,400,400,3712,400,400,400,4640,3721,3752,4641,400,3697,100,100,100,100,100,100,100,100,100,100,100,100,100,100,100,100,12282,507,5424,33,3,16621068288,57982050304,5296291840,0
203,1729361069648,22820.974517822266,4375,0,1.2375,23122.634841918945,4375,0,1.2375,26835.41732788086,4375,0,1.2375,20311.60984802246,4375,0,1.2375,13805.399612426758,4375,0,1.2375,26832.635528564453,4375,0,1.2375,17151.775360107422,4375,0,1.2375,27004.074905395508,4375,0,1.2375,22352.183044433594,3714,400,3854,4429,400,400,3712,400,400,400,4640,3721,3752,4641,400,3697,100,100,100,100,100,100,100,100,100,100,100,100,100,100,100,100,12282,507,5403,33,2,16621068288,57982050304,5296291840,0
201,1729361069852,22822.85707092285,4375,0,1.2375,23124.517547607422,4375,0,1.2375,26837.307037353516,4375,0,1.2375,20313.49981689453,4375,0,1.2375,13807.303176879883,4375,0,1.2375,26834.525634765625,4375,0,1.2375,17153.64584350586,4375,0,1.2375,27005.93162536621,4375,0,1.2375,22367.411895751953,3714,400,3854,4429,400,400,3712,400,400,400,4640,3721,3752,4641,400,3697,100,100,100,100,100,100,100,100,100,100,100,100,100,100,100,100,12282,507,5347,33,2,16621068288,57982050304,5296365568,0
203,1729361070054,22824.749603271484,4375,0,1.2375,23126.384796142578,4375,0,1.2375,26839.181747436523,4375,0,1.2375,20315.3722076416,4375,0,1.2375,13809.205200195313,4375,0,1.2375,26836.415893554688,4375,0,1.2375,17155.48194885254,4375,0,1.2375,27007.798248291016,4375,0,1.2375,22382.574981689453,3714,400,3854,4429,400,400,3712,400,400,400,4640,3721,3752,4641,400,3697,100,100,100,100,100,100,100,100,100,100,100,100,100,100,100,100,12282,507,5321,33,2,16621068288,57982050304,5280108544,0
199,1729361070258,22826.63999938965,4375,0,1.2375,23128.26742553711,4375,0,1.2375,26841.07061767578,4375,0,1.2375,20317.27490234375,4375,0,1.2375,13811.111465454102,4375,0,1.2375,26838.318572998047,4375,0,1.2375,17157.35887145996,4375,0,1.2375,27009.663543701172,4375,0,1.2375,22397.8868560791,3714,400,3854,4429,400,400,3712,400,400,400,4640,3721,3752,4641,400,3697,100,100,100,100,100,100,100,100,100,100,100,100,100,100,100,100,12282,507,5303,33,2,16621068288,57982050304,5283758080,0
203,1729361070458,22828.51707458496,4375,0,1.2375,23130.133071899414,4375,0,1.2375,26842.940719604492,4375,0,1.2375,20319.157821655273,4375,0,1.2375,13812.97494506836,4375,0,1.2375,26840.194412231445,4375,0,1.2375,17159.196395874023,4375,0,1.2375,27011.489349365234,4375,0,1.2375,22412.917098999023,3714,400,3854,4429,400,400,3712,400,400,400,4640,3721,3752,4641,400,3697,100,100,100,100,100,100,100,100,100,100,100,100,100,100,100,100,12282,507,5275,33,3,16621068288,57982050304,5269577728,0
199,1729361070662,22830.396072387695,4400,0,1.25625,23132.008529663086,4400,0,1.25625,26844.825286865234,4400,0,1.25625,20321.060165405273,4400,0,1.25625,13814.868179321289,4400,0,1.25625,26842.096160888672,4400,0,1.25625,17161.06623840332,4400,0,1.25625,27013.345962524414,4400,0,1.25625,22428.161743164063,3714,400,3854,4429,400,400,3712,400,400,400,4640,3721,3752,4641,400,3697,100,100,100,100,100,100,100,100,100,100,100,100,100,100,100,100,12282,507,5247,33,2,16621068288,57982050304,5270241280,0
203,1729361070862,22832.27407836914,4375,0,1.2375,23133.878173828125,4375,0,1.2375,26846.706954956055,4375,0,1.2375,20322.952545166016,4375,0,1.2375,13816.76773071289,4375,0,1.2375,26843.99351501465,4375,0,1.2375,17162.942123413086,4375,0,1.2375,27015.192947387695,4375,0,1.2375,22443.426879882813,3714,400,3854,4429,400,400,3712,400,400,400,4640,3721,3752,4641,400,3697,100,100,100,100,100,100,100,100,100,100,100,100,100,100,100,100,12282,507,5248,33,2,16621068288,57982050304,5286002688,0
200,1729361071066,22834.145767211914,4375,0,1.2375,23135.741790771484,4375,0,1.2375,26848.57746887207,4375,0,1.2375,20324.842376708984,4375,0,1.2375,13818.64321899414,4375,0,1.2375,26845.859771728516,4375,0,1.2375,17164.769821166992,4375,0,1.2375,27017.037109375,4375,0,1.2375,22458.49005126953,3714,400,3854,4429,400,400,3712,400,400,400,4640,3721,3752,4641,400,3697,100,100,100,100,100,100,100,100,100,100,100,100,100,100,100,100,12282,507,5267,33,2,16621068288,57982050304,5286998016,0
199,1729361071266,22834.974548339844,3560,1,1.3125,23136.870086669922,4450,0,1.3125,26849.8787689209,4450,0,1.3125,20326.3701171875,3560,1,1.3125,13819.293655395508,4450,0,1.3125,26846.849899291992,3560,1,1.3125,17166.636489868164,3560,1,1.3125,27018.91000366211,4450,0,1.3125,22469.257415771484,3714,400,3854,4429,400,400,3712,400,400,400,4640,3721,3752,4641,400,3697,45,47.36842346191406,10,40,10.526315689086914,50,95,55,75,84.21052551269531,40,45,70,100,15.789472579956055,60.000003814697266,12282,507,5253,33,2,16621068288,57982050304,5287034880,0
199,1729361071466,22834.98875427246,3720.0000000000005,1,1.29375,23136.96061706543,3720.0000000000005,1,1.29375,26850.88050842285,3720.0000000000005,1,1.29375,20326.926208496094,4650,0,1.29375,13819.382141113281,3720.0000000000005,1,1.29375,26846.889862060547,3720.0000000000005,1,1.29375,17166.664276123047,3720.0000000000005,1,1.29375,27019.9892578125,3720.0000000000005,1,1.29375,22473.219192504883,3714,400,3854,4429,400,400,3712,400,400,400,4640,3721,3752,4641,400,3697,0,9.523809432983398,0,0,5,4.761904716491699,0,0,55,45.45454788208008,0,0,4.761904716491699,57.894737243652344,0,0,12282,507,5235,33,2,16621068288,57982050304,5286375424,0
199,1729361071666,22835.012268066406,3720.0000000000005,1,1.39375,23136.991333007813,3720.0000000000005,1,1.39375,26850.885025024414,3720.0000000000005,1,1.39375,20328.21319580078,4650,0,1.39375,13819.459823608398,4650,0,1.39375,26846.893753051758,3720.0000000000005,1,1.39375,17166.685012817383,3720.0000000000005,1,1.39375,27019.992416381836,3720.0000000000005,1,1.39375,22475.739807128906,3714,400,3854,4429,400,400,3712,400,400,400,4640,3721,3752,4641,400,3697,0,0,0,0,5,0,0,0,0,100,0,0,0,0,0,0,12282,507,5240,33,2,16621068288,57982050304,5294628864,0
199,1729361071866,22835.016006469727,3720.0000000000005,1,1.3125,23137.03550720215,3720.0000000000005,1,1.3125,26850.899841308594,3720.0000000000005,1,1.4,20329.78565979004,4650,0,1.4,13819.54330444336,4650,0,1.4,26846.912490844727,3720.0000000000005,1,1.4,17166.71124267578,3720.0000000000005,1,1.4,27019.99559020996,3720.0000000000005,1,1.4,22478.53106689453,3714,400,3854,4429,400,400,3712,400,400,400,4640,3721,3752,4641,400,3697,0,0,0,0,9.523809432983398,0,0,0,0,100,0,0,0,0,0,0,12282,507,5241,33,2,16621068288,57982050304,5302886400,0
199,1729361072066,22835.044342041016,3720.0000000000005,1,1.3125,23137.068740844727,3720.0000000000005,1,1.3125,26850.90705871582,3720.0000000000005,1,1.3125,20331.007598876953,4650,0,1.3125,13819.62028503418,3720.0000000000005,1,1.3125,26846.922607421875,3720.0000000000005,1,1.3125,17166.732055664063,3720.0000000000005,1,1.3125,27020.001586914063,3720.0000000000005,1,1.3125,22481.028427124023,3714,400,3854,4429,400,400,3712,400,400,400,4640,3721,3752,4641,400,3697,0,4.761904716491699,0,0,5,0,0,0,0,100,0,0,0,0,0,0,12282,507,5251,33,2,16621068288,57982050304,5319401472,0
199,1729361072266,22835.054092407227,3720.0000000000005,1,1.38125,23137.10676574707,3720.0000000000005,1,1.38125,26850.91680908203,3720.0000000000005,1,1.38125,20332.550079345703,4650,0,1.38125,13819.69775390625,4650,0,1.38125,26846.927154541016,3720.0000000000005,1,1.38125,17166.75213623047,3720.0000000000005,1,1.38125,27020.004821777344,3720.0000000000005,1,1.38125,22483.821517944336,3714,400,3854,4429,400,400,3712,400,400,400,4640,3721,3752,4641,400,3697,0,0,0,0,5,0,0,0,0,100,0,0,0,0,0,0,12282,507,5273,33,2,16621068288,57982050304,5344174080,0
199,1729361072466,22835.072525024414,3720.0000000000005,1,1.3875,23137.140853881836,3720.0000000000005,1,1.3875,26851.002670288086,3720.0000000000005,1,1.3875,20333.990661621094,4650,0,1.3875,13819.783645629883,4650,0,1.3875,26846.97393798828,3720.0000000000005,1,1.3875,17166.790496826172,3720.0000000000005,1,1.3875,27020.02505493164,3720.0000000000005,1,1.3875,22486.63508605957,3714,400,3854,4429,400,400,3712,400,400,400,4640,3721,3752,4641,400,3697,0,0,4.761904716491699,0,0,0,0,0,0,100,0,0,0,0,4.761904716491699,0,12282,507,5307,33,3,16621068288,57982050304,5353459712,0
199,1729361072666,22835.076141357422,3720.0000000000005,1,1.30625,23137.145446777344,3720.0000000000005,1,1.30625,26851.038803100586,3720.0000000000005,1,1.30625,20335.32521057129,4650,0,1.30625,13819.858184814453,3720.0000000000005,1,1.30625,26846.98388671875,3720.0000000000005,1,1.30625,17166.8123626709,3720.0000000000005,1,1.30625,27020.028213500977,3720.0000000000005,1,1.4,22489.215927124023,3714,400,3854,4429,400,400,3712,400,400,400,4640,3721,3752,4641,400,3697,0,0,0,0,9.523809432983398,0,0,0,0,100,0,0,0,0,0,0,12282,507,5333,33,2,16621068288,57982050304,5369974784,0
199,1729361072866,22835.08773803711,3720.0000000000005,1,1.39375,23137.157669067383,3720.0000000000005,1,1.39375,26851.06605529785,3720.0000000000005,1,1.39375,20336.782638549805,4650,0,1.39375,13819.934982299805,4650,0,1.39375,26846.98794555664,3720.0000000000005,1,1.39375,17166.8328704834,3720.0000000000005,1,1.39375,27020.044372558594,3720.0000000000005,1,1.39375,22491.897216796875,3714,400,3854,4429,400,400,3712,400,400,400,4640,3721,3752,4641,400,3697,0,0,4.761904716491699,0,5,0,0,0,0,100,0,0,0,0,0,0,12282,507,5369,33,2,16621068288,57982050304,5386489856,0
199,1729361073067,22835.091522216797,3720.0000000000005,1,1.3875,23137.172973632813,3720.0000000000005,1,1.3875,26851.095809936523,3720.0000000000005,1,1.3875,20338.10333251953,4650,0,1.3875,13820.01252746582,4650,0,1.3875,26847.004959106445,3720.0000000000005,1,1.3875,17166.852432250977,3720.0000000000005,1,1.3875,27020.04751586914,3720.0000000000005,1,1.3875,22494.47686767578,3714,400,3854,4429,400,400,3712,400,400,400,4640,3721,3752,4641,400,3697,0,0,0,0,5,0,4.761904716491699,0,0,100,0,0,0,0,0,0,12282,507,5395,33,2,16621068288,57982050304,5419515904,0
199,1729361073267,22835.09535217285,3720.0000000000005,1,1.30625,23137.18002319336,3720.0000000000005,1,1.30625,26851.13006591797,3720.0000000000005,1,1.30625,20339.21209716797,4650,0,1.30625,13820.091781616211,3720.0000000000005,1,1.30625,26847.01629638672,3720.0000000000005,1,1.30625,17166.882278442383,3720.0000000000005,1,1.4,27020.050704956055,3720.0000000000005,1,1.4,22496.902908325195,3714,400,3854,4429,400,400,3712,400,400,400,4640,3721,3752,4641,400,3697,0,0,0,0,9.523809432983398,0,0,0,0,100,0,0,0,0,0,4.761904716491699,12282,507,5423,33,2,16621068288,57982050304,5428027392,0
199,1729361073467,22835.11781311035,3720.0000000000005,1,1.3125,23137.242065429688,3720.0000000000005,1,1.3125,26851.154296875,3720.0000000000005,1,1.3125,20340.798400878906,4650,0,1.3125,13820.173095703125,4650,0,1.3125,26847.056182861328,3720.0000000000005,1,1.3125,17166.913787841797,3720.0000000000005,1,1.3125,27020.060958862305,3720.0000000000005,1,1.3125,22499.81105041504,3714,400,3854,4429,400,400,3712,400,400,400,4640,3721,3752,4641,400,3697,4.761904716491699,0,0,0,5,0,0,0,0,100,0,0,0,0,0,0,12282,507,5446,33,3,16621068288,57982050304,5444542464,0
199,1729361073667,22835.13021850586,3720.0000000000005,1,1.39375,23137.28872680664,3720.0000000000005,1,1.39375,26851.157791137695,3720.0000000000005,1,1.39375,20342.272857666016,4650,0,1.39375,13820.251373291016,4650,0,1.39375,26847.063354492188,3720.0000000000005,1,1.39375,17166.938735961914,3720.0000000000005,1,1.39375,27020.071014404297,3720.0000000000005,1,1.39375,22502.575393676758,3714,400,3854,4429,400,400,3712,400,400,400,4640,3721,3752,4641,400,3697,0,4.761904716491699,0,0,0,0,0,0,0,100,0,0,0,0,0,0,12282,507,5452,33,2,16621068288,57982050304,5460795392,0
199,1729361073867,22835.137893676758,3720.0000000000005,1,1.30625,23137.31593322754,3720.0000000000005,1,1.30625,26851.16130065918,3720.0000000000005,1,1.30625,20343.80125427246,4650,0,1.30625,13820.324111938477,3720.0000000000005,1,1.30625,26847.07730102539,3720.0000000000005,1,1.4,17166.958267211914,3720.0000000000005,1,1.4,27020.074142456055,3720.0000000000005,1,1.4,22505.297760009766,3714,400,3854,4429,400,400,3712,400,400,400,4640,3721,3752,4641,400,3697,0,0,4.761904716491699,4.761904716491699,5,0,0,0,0,100,0,0,0,0,0,0,12282,507,5461,33,2,16621068288,57982050304,5477310464,0
199,1729361074067,22835.146926879883,3720.0000000000005,1,1.30625,23137.3515625,3720.0000000000005,1,1.30625,26851.16468811035,3720.0000000000005,1,1.30625,20344.839965820313,4650,0,1.30625,13820.38899230957,3720.0000000000005,1,1.30625,26847.087783813477,3720.0000000000005,1,1.30625,17166.987869262695,3720.0000000000005,1,1.30625,27020.077346801758,3720.0000000000005,1,1.30625,22507.690795898438,3714,400,3854,4429,400,400,3712,400,400,400,4640,3721,3752,4641,400,3697,0,4.761904716491699,0,0,5,0,0,0,0,100,0,0,0,0,0,0,12282,507,5468,33,2,16621068288,57982050304,5476323328,0
199,1729361074267,22835.15298461914,3720.0000000000005,1,1.4,23137.395401000977,3720.0000000000005,1,1.4,26851.184844970703,3720.0000000000005,1,1.4,20346.37969970703,4650,0,1.4,13820.47021484375,4650,0,1.4,26847.104232788086,3720.0000000000005,1,1.4,17167.00733947754,3720.0000000000005,1,1.4,27020.08055114746,3720.0000000000005,1,1.4,22510.465240478516,3714,400,3854,4429,400,400,3712,400,400,400,4640,3721,3752,4641,400,3697,0,0,0,0,5,4.761904716491699,0,0,0,100,0,0,0,0,0,0,12282,507,5450,33,2,16621068288,57982050304,5500837888,0
199,1729361074467,22835.16651916504,3720.0000000000005,1,1.30625,23137.40899658203,3720.0000000000005,1,1.30625,26851.25926208496,3720.0000000000005,1,1.30625,20347.95964050293,4650,0,1.30625,13820.555969238281,4650,1,1.30625,26847.13555908203,3720.0000000000005,1,1.4,17167.046646118164,3720.0000000000005,1,1.4,27020.093963623047,3720.0000000000005,1,1.4,22513.326614379883,3714,400,3854,4429,400,400,3712,400,400,400,4640,3721,3752,4641,400,3697,4.761904716491699,5,0,0,9.523809432983398,0,4.761904716491699,4.761904716491699,5,100,0,0,0,0,0,0,12282,507,5445,33,3,16621068288,57982050304,5526380544,0
199,1729361074667,22835.177337646484,3720.0000000000005,1,1.30625,23137.44873046875,3720.0000000000005,1,1.30625,26851.26448059082,3720.0000000000005,1,1.30625,20349.444549560547,4650,0,1.30625,13820.626876831055,3720.0000000000005,1,1.30625,26847.139434814453,3720.0000000000005,1,1.30625,17167.060256958008,3720.0000000000005,1,1.30625,27020.101104736328,3720.0000000000005,1,1.30625,22516.132904052734,3714,400,3854,4429,400,400,3712,400,400,400,4640,3721,3752,4641,400,3697,0,0,0,0,5,0,0,0,0,100,0,0,0,0,0,0,12282,507,5457,33,2,16621068288,57982050304,5575925760,0
199,1729361074867,22835.188400268555,3720.0000000000005,1,1.35,23137.49674987793,3720.0000000000005,1,1.35,26851.267852783203,3720.0000000000005,1,1.35,20350.877044677734,4650,0,1.35,13820.692459106445,3720.0000000000005,1,1.35,26847.143325805664,3720.0000000000005,1,1.35,17167.08511352539,3720.0000000000005,1,1.35,27020.11604309082,4650,0,1.35,22518.84130859375,3714,400,3854,4429,400,400,3712,400,400,400,4640,3721,3752,4641,400,3697,0,4.761904716491699,0,0,0,0,4.761904716491699,0,0,100,0,0,0,0,0,0,12282,507,5432,33,2,16621068288,57982050304,3851563008,0
199,1729361075067,22835.19923400879,3720.0000000000005,1,1.29375,23137.528900146484,4650,1,1.29375,26851.28092956543,3720.0000000000005,1,1.38125,20351.752410888672,4650,0,1.38125,13820.695861816406,3720.0000000000005,1,1.38125,26847.165298461914,3720.0000000000005,1,1.38125,17167.112503051758,3720.0000000000005,1,1.38125,27020.186981201172,4650,0,1.38125,22521.00700378418,3714,400,3854,4429,400,400,3712,400,400,400,4640,3721,3752,4641,400,3697,0,0,0,0,0,0,0,0,0,100,0,0,0,5,0,0,12282,507,5386,33,2,16621068288,57982050304,3767144448,0
200,1729361075267,22835.21548461914,3720.0000000000005,1,1.39375,23137.566970825195,3720.0000000000005,1,1.39375,26851.297134399414,3720.0000000000005,1,1.39375,20352.531173706055,4650,0,1.39375,13820.722946166992,3720.0000000000005,1,1.39375,26847.17710876465,3720.0000000000005,1,1.39375,17167.133590698242,3720.0000000000005,1,1.39375,27020.271774291992,4650,0,1.3875,22523.10464477539,3714,400,3854,4429,400,400,3712,400,400,400,4640,3721,3752,4641,400,3697,4.761904716491699,4.761904716491699,0,0,0,0,0,0,0,100,0,0,0,5,0,0,12282,507,5372,33,2,16621068288,57982050304,3716616192,0
15,1729361075468,22835.240173339844,3720.0000000000005,1,1.0625,23137.617065429688,4650,0,1.0625,26851.36540222168,4650,0,1.0625,20352.697067260742,3720.0000000000005,1,1.0625,13820.75668334961,3720.0000000000005,1,1.0625,26847.21794128418,3720.0000000000005,1,1.0625,17167.193313598633,3720.0000000000005,1,1.0625,27020.3445892334,4650,0,1.0625,22524.55436706543,3714,400,3854,4429,400,400,3712,400,400,400,4640,3721,3752,4641,400,3697,0,0,5,0,0,4.761904716491699,0,0,0,10,0,0,0,5,0,0,12282,507,5368,33,1,16621068288,57982050304,3370475520,0
