__run_id,__done,dataset,hardware,execution_time_(ms),peak_memory_(B),energy_consumption_(J),cpu_energy_(J),gpu_energy_(J),mean_cpu_utilization_(%),mean_gpu_utilization_(%),max_cpu_utilization_(%),max_gpu_utilization_(%)
run_0_repetition_0,DONE,GDS3900_CPM.csv,CPU,22409,2975342592,415.17104454687524,397.2214355468752,17.949609000000002,9.289022449207932,12.201754385964913,100.0,30
run_1_repetition_0,DONE,GDS3900_CPM.csv,GPU,2402,2789564416,102.15380995996094,40.99168395996094,61.16212600000001,11.34492654459817,17.714285714285715,100.0,35
run_2_repetition_0,DONE,GDS3900_TPM.csv,CPU,244691,3527421952,4088.759490966798,4088.759490966798,0,6.99288377280138,3.1110204081632653,100.0,29
run_3_repetition_0,DONE,GDS3900_TPM.csv,GPU,2201,2786664448,88.64659447460937,39.711761474609375,48.934833,11.698264724933185,12.461538461538462,100.0,25
run_4_repetition_0,DONE,low_spar_TPM.csv,CPU,20075,4758269952,831.5244903564453,831.5244903564453,0,48.32615559124479,4.588235294117647,100.0,23
run_5_repetition_0,DONE,low_spar_TPM.csv,GPU,4803,3212832768,199.52623327246093,76.72312927246094,122.80310399999999,9.447029751080734,9.384615384615385,100.0,24
run_6_repetition_0,DONE,high_spar_TPM.csv,CPU,20087,4800327680,828.3051605224609,828.3051605224609,0,48.15677032327535,4.666666666666667,100.0,24
run_7_repetition_0,DONE,high_spar_TPM.csv,GPU,4803,3228119040,193.38602608007812,76.92288208007812,116.463144,9.305675440109693,9.461538461538462,100.0,24
run_8_repetition_0,DONE,high_spar_CPM.csv,CPU,19916,4738961408,823.5127410888672,823.5127410888672,0,48.297123674118865,4.653465346534653,100.0,24
run_9_repetition_0,DONE,high_spar_CPM.csv,GPU,4802,3214163968,191.30641342382813,75.08840942382812,116.218004,9.16135832781975,10.076923076923077,100.0,24
run_10_repetition_0,DONE,low_spar_CPM.csv,CPU,20108,4767211520,835.1523528632813,833.2219848632812,1.930368,47.97050376923061,4.578431372549019,100.0,24
run_11_repetition_0,DONE,low_spar_CPM.csv,GPU,4803,3261407232,193.56789763964662,77.62828063964662,115.939617,9.284515445048992,11.23076923076923,100.0,30
run_0_repetition_1,DONE,GDS3900_CPM.csv,CPU,21808,3028611072,326.22721085546874,324.09002685546875,2.1371840000000004,7.5167257576375395,4.531531531531532,100.0,23
run_1_repetition_1,DONE,GDS3900_CPM.csv,GPU,2202,2810310656,82.76310157128906,39.09083557128906,43.67226599999999,11.930322731916721,13.692307692307692,100.0,26
run_2_repetition_1,DONE,GDS3900_TPM.csv,CPU,250097,3567087616,4213.309692382816,4213.309692382816,0,7.020631365585157,3.1054313099041533,100.0,24
run_3_repetition_1,DONE,GDS3900_TPM.csv,GPU,2201,2849619968,83.92524544335573,38.82455444335574,45.100691,11.709481042165024,11.153846153846153,100.0,22
run_4_repetition_1,DONE,low_spar_TPM.csv,CPU,19889,4887269376,830.7656860351562,830.7656860351562,0,48.60024055617281,4.633663366336633,100.0,25
run_5_repetition_1,DONE,low_spar_TPM.csv,GPU,4802,3255984128,190.08221746484372,76.47650146484375,113.60571599999999,9.259699814021587,9.615384615384615,100.0,23
run_6_repetition_1,DONE,high_spar_TPM.csv,CPU,19902,4825296896,826.2025522167969,825.9040222167969,0.29853,48.28876444933438,4.673267326732673,100.0,25
run_7_repetition_1,DONE,high_spar_TPM.csv,GPU,4802,3252121600,191.19328973242187,75.19137573242188,116.00191399999999,9.188732284765978,10.0,100.0,25
run_8_repetition_1,DONE,high_spar_CPM.csv,CPU,20092,4826226688,825.6942138671839,825.6942138671839,0,48.06600173314412,4.7745098039215685,100.0,27
run_9_repetition_1,DONE,high_spar_CPM.csv,GPU,4603,3268534272,184.41951884960574,73.87387084960574,110.545648,9.555657856464386,10.4,100.0,24
run_10_repetition_1,DONE,low_spar_CPM.csv,CPU,20481,4825354240,831.499359130863,831.499359130863,0,47.29692735866858,4.625,100.0,26
run_11_repetition_1,DONE,low_spar_CPM.csv,GPU,4803,3263447040,191.73513929296874,76.76092529296875,114.97421399999999,9.446877736311691,10.23076923076923,100.0,24
run_0_repetition_2,DONE,GDS3900_CPM.csv,CPU,21608,3060834304,325.6405487060547,325.6405487060547,0,7.539755254983902,4.509090909090909,100.0,24
run_1_repetition_2,DONE,GDS3900_CPM.csv,GPU,2202,2855333888,83.43405131347657,38.20497131347656,45.22908,11.570988785762054,11.846153846153847,100.0,23
run_2_repetition_2,DONE,GDS3900_TPM.csv,CPU,293114,3631386624,5164.81071472168,5164.81071472168,0,7.105851778995447,3.650988411724608,100.0,50
run_3_repetition_2,DONE,GDS3900_TPM.csv,GPU,2201,2891980800,82.04245712890625,39.06793212890625,42.974525,12.056295186281204,14.076923076923077,100.0,25
run_4_repetition_2,DONE,low_spar_TPM.csv,CPU,20097,4862590976,843.3221282958984,843.3221282958984,0,48.80661763762143,8.57843137254902,100.0,37
run_5_repetition_2,DONE,low_spar_TPM.csv,GPU,4802,3345129472,194.54407716308594,79.03196716308594,115.51210999999999,9.692750334739685,15.038461538461538,100.0,37
run_6_repetition_2,DONE,high_spar_TPM.csv,CPU,20078,4901519360,831.8286590576172,831.8286590576172,0,48.21140155970466,9.019607843137255,100.0,35
run_7_repetition_2,DONE,high_spar_TPM.csv,GPU,4802,3407339520,195.55820002246094,78.98484802246094,116.57335199999999,9.50605961221915,14.26923076923077,100.0,36
run_8_repetition_2,DONE,high_spar_CPM.csv,CPU,20101,4888293376,834.7376556396484,834.7376556396484,0,48.823433923662876,9.696078431372548,100.0,36
run_9_repetition_2,DONE,high_spar_CPM.csv,GPU,4802,3341705216,194.11617845312497,79.434814453125,114.68136399999999,9.657510506419037,14.961538461538462,100.0,38
run_10_repetition_2,DONE,low_spar_CPM.csv,CPU,20096,4791808000,842.3291931152344,842.3291931152344,0,48.39128097687282,9.696078431372548,100.0,36
run_11_repetition_2,DONE,low_spar_CPM.csv,GPU,4802,3306315776,193.30517086035155,78.86390686035156,114.441264,9.611729323863983,15.192307692307692,100.0,38
run_0_repetition_3,DONE,GDS3900_CPM.csv,CPU,21810,3186049024,336.91058349609375,336.91058349609375,0,7.674424112648577,9.486486486486486,100.0,37
run_1_repetition_3,DONE,GDS3900_CPM.csv,GPU,2201,2926493696,87.7828543388672,39.23539733886719,48.547457,11.896259984144798,15.76923076923077,100.0,26
run_2_repetition_3,DONE,GDS3900_TPM.csv,CPU,244495,3703087104,4254.936233520508,4254.936233520508,0,7.206300266854026,8.531862745098039,100.0,38
run_3_repetition_3,DONE,GDS3900_TPM.csv,GPU,2201,2952224768,88.03271315917968,40.21598815917969,47.816725,12.264800493533794,17.23076923076923,100.0,36
run_4_repetition_3,DONE,low_spar_TPM.csv,CPU,20493,4924837888,846.13818359375,846.13818359375,0,47.43695377587126,9.173076923076923,100.0,37
run_5_repetition_3,DONE,low_spar_TPM.csv,GPU,4802,3372314624,193.61860936036612,77.43421936036611,116.18439,9.521564222299135,11.653846153846153,100.0,32
run_6_repetition_3,DONE,high_spar_TPM.csv,CPU,20486,4934569984,839.98997784375,834.70458984375,5.285388,47.21777201271974,4.586538461538462,100.0,26
run_7_repetition_3,DONE,high_spar_TPM.csv,GPU,4602,3334168576,185.42235958789792,75.0157775878979,110.40658200000001,9.646280794143678,7.92,100.0,26
run_8_repetition_3,DONE,high_spar_CPM.csv,CPU,19899,4949458944,823.3315582275391,823.3315582275391,0,48.24884462386075,4.356435643564357,100.0,32
run_9_repetition_3,DONE,high_spar_CPM.csv,GPU,4803,3340480512,191.27202780761718,74.55912780761719,116.71289999999999,9.184002170195946,7.961538461538462,100.0,26
run_10_repetition_3,DONE,low_spar_CPM.csv,CPU,20076,4952211456,831.7616577148438,831.7616577148438,0,48.202350106747716,4.284313725490196,100.0,32
run_11_repetition_3,DONE,low_spar_CPM.csv,GPU,4802,3422732288,191.10619562402343,75.72373962402344,115.38245599999999,9.386494212425674,8.192307692307692,100.0,26
run_0_repetition_4,DONE,GDS3900_CPM.csv,CPU,23609,3196444672,333.3867645263672,333.3867645263672,0,7.463954130063454,3.8833333333333333,100.0,26
run_1_repetition_4,DONE,GDS3900_CPM.csv,GPU,2201,2957938688,84.98751835351561,37.32266235351562,47.664856,11.82839648769452,8.76923076923077,100.0,26
run_2_repetition_4,DONE,GDS3900_TPM.csv,CPU,245291,3726041088,4205.351776123047,4205.351776123047,0,6.99847406031206,3.076547231270358,100.0,26
run_3_repetition_4,DONE,GDS3900_TPM.csv,GPU,2201,2956886016,83.24510897558594,38.48997497558594,44.755134,11.632739007472992,9.23076923076923,100.0,26
run_4_repetition_4,DONE,low_spar_TPM.csv,CPU,20087,4892942336,832.6348876953125,832.6348876953125,0,48.28013948161228,4.107843137254902,100.0,26
run_5_repetition_4,DONE,low_spar_TPM.csv,GPU,4803,3354836992,193.25808768945222,75.57498168945222,117.68310600000001,9.204304730662933,9.307692307692308,100.0,32
run_6_repetition_4,DONE,high_spar_TPM.csv,CPU,19894,4904062976,828.4295806884766,828.4295806884766,0,47.918943585293135,4.1683168316831685,100.0,27
run_7_repetition_4,DONE,high_spar_TPM.csv,GPU,4802,3426545664,192.09469039160155,75.85267639160156,116.242014,9.22449840605259,8.423076923076923,100.0,26
run_8_repetition_4,DONE,high_spar_CPM.csv,CPU,19910,4935335936,824.1497192382794,824.1497192382794,0,48.18364719913738,4.247524752475248,100.0,26
run_9_repetition_4,DONE,high_spar_CPM.csv,GPU,4802,3383672832,193.2788442314453,75.91316223144531,117.36568199999999,9.28606456059676,9.076923076923077,100.0,30
run_10_repetition_4,DONE,low_spar_CPM.csv,CPU,20109,4960772096,833.5354919433612,833.5354919433612,0,48.93473483359112,4.176470588235294,100.0,26
run_11_repetition_4,DONE,low_spar_CPM.csv,GPU,4803,3358957568,192.25841330859194,75.79046630859193,116.46794700000001,9.130166434324705,9.0,100.0,28
run_0_repetition_5,DONE,GDS3900_CPM.csv,CPU,21808,3214200832,326.29881286621094,326.29881286621094,0,7.463823198869422,4.009009009009009,100.0,26
run_1_repetition_5,DONE,GDS3900_CPM.csv,GPU,2202,2991505408,86.15790106152343,37.06651306152344,49.091388,11.604246476521858,10.0,100.0,33
run_2_repetition_5,DONE,GDS3900_TPM.csv,CPU,255893,3761618944,4322.273574829102,4322.273574829102,0,7.049090659532298,3.087431693989071,100.0,31
run_3_repetition_5,DONE,GDS3900_TPM.csv,GPU,2201,2997604352,84.5796366367224,38.61395263672239,45.965684,11.83074022944157,9.846153846153847,100.0,26
run_4_repetition_5,DONE,low_spar_TPM.csv,CPU,20285,4959330304,841.1141837841797,840.6476287841797,0.466555,48.07679666419631,4.359223300970874,100.0,33
run_5_repetition_5,DONE,low_spar_TPM.csv,GPU,4802,3401646080,192.39149465917967,76.31755065917969,116.073944,9.183697564097551,8.076923076923077,100.0,25
run_6_repetition_5,DONE,high_spar_TPM.csv,CPU,19898,4983136256,822.4979095458984,822.4979095458984,0,47.74980144512536,3.9603960396039604,100.0,24
run_7_repetition_5,DONE,high_spar_TPM.csv,GPU,4602,3365289984,183.83961244433596,73.54808044433594,110.291532,9.321878378391265,8.36,100.0,25
run_8_repetition_5,DONE,high_spar_CPM.csv,CPU,19900,4907003904,821.8628387451172,821.8628387451172,0,48.239826920008895,4.03960396039604,100.0,25
run_9_repetition_5,DONE,high_spar_CPM.csv,GPU,4602,3373096960,182.6683271201172,73.82182312011719,108.84650400000001,9.501934487819671,7.76,100.0,25
run_10_repetition_5,DONE,low_spar_CPM.csv,CPU,20294,4916957184,834.6282501220667,834.6282501220667,0,47.991676147267654,4.019417475728155,100.0,25
run_11_repetition_5,DONE,low_spar_CPM.csv,GPU,4804,3375726592,193.35991516308593,75.84446716308594,117.515448,9.345967368437693,7.961538461538462,100.0,26
run_0_repetition_6,DONE,GDS3900_CPM.csv,CPU,21808,3218309120,326.8916473388708,326.8916473388708,0,7.50620450790938,4.054054054054054,100.0,27
run_1_repetition_6,DONE,GDS3900_CPM.csv,GPU,2201,2980597760,84.40569884081668,37.002761840816675,47.402937,11.465841854994114,8.923076923076923,100.0,24
run_2_repetition_6,DONE,GDS3900_TPM.csv,CPU,241092,3811614720,4205.067337036133,4205.067337036133,0,6.986864610284245,3.0629660314830156,100.0,26
run_3_repetition_6,DONE,GDS3900_TPM.csv,GPU,2202,3022831616,87.00232593749999,38.5693359375,48.43299,11.794175129670364,8.153846153846153,100.0,28
run_4_repetition_6,DONE,low_spar_TPM.csv,CPU,20089,4981432320,833.124588012688,833.124588012688,0,48.195782588246985,4.117647058823529,100.0,26
run_5_repetition_6,DONE,low_spar_TPM.csv,GPU,4802,3439374336,190.66507553808594,75.95970153808594,114.70537399999999,9.443506254599644,8.076923076923077,100.0,26
run_6_repetition_6,DONE,high_spar_TPM.csv,CPU,19894,4966531072,821.9524230957031,821.9524230957031,0,48.272198767060104,4.158415841584159,100.0,27
run_7_repetition_6,DONE,high_spar_TPM.csv,GPU,4802,3403067392,191.8407247734375,74.5950927734375,117.24563199999999,9.072305949834677,8.076923076923077,100.0,28
run_8_repetition_6,DONE,high_spar_CPM.csv,CPU,19906,5002694656,823.8442687988281,823.8442687988281,0,48.20368146335725,4.128712871287129,100.0,27
run_9_repetition_6,DONE,high_spar_CPM.csv,GPU,4602,3421290496,183.3703838359375,72.5726318359375,110.79775200000002,9.405515276789664,8.16,100.0,27
run_10_repetition_6,DONE,low_spar_CPM.csv,CPU,19889,5002346496,828.3968353271484,828.3968353271484,0,47.851750060473336,4.287128712871287,100.0,29
run_11_repetition_6,DONE,low_spar_CPM.csv,GPU,4803,3444039680,193.7850174697193,75.45350646971929,118.331511,9.226589535291378,8.076923076923077,100.0,27
run_0_repetition_7,DONE,GDS3900_CPM.csv,CPU,21809,3229982720,323.58811950683594,323.58811950683594,0,7.528947278991476,4.063063063063063,100.0,26
run_1_repetition_7,DONE,GDS3900_CPM.csv,GPU,2202,3012251648,81.78446281639899,37.055236816398974,44.729226000000004,11.520151981940636,9.846153846153847,100.0,29
run_2_repetition_7,DONE,GDS3900_TPM.csv,CPU,246099,3809931264,4281.443023681641,4281.443023681641,0,6.994631649575547,3.0714285714285716,100.0,26
run_3_repetition_7,DONE,GDS3900_TPM.csv,GPU,2202,3042930688,85.04412133593749,38.6898193359375,46.354302,11.55474250133221,8.153846153846153,100.0,26
run_4_repetition_7,DONE,low_spar_TPM.csv,CPU,20296,5056552960,840.6423797607349,840.6423797607349,0,47.9599410906,4.165048543689321,100.0,27
run_5_repetition_7,DONE,low_spar_TPM.csv,GPU,4803,3462553600,187.30221092578125,74.65264892578125,112.649562,9.277395440981937,8.423076923076923,100.0,29
run_6_repetition_7,DONE,high_spar_TPM.csv,CPU,19895,5011865600,823.7233581542969,823.7233581542969,0,48.32019486610252,4.2772277227722775,100.0,27
run_7_repetition_7,DONE,high_spar_TPM.csv,GPU,4802,3466911744,192.29972367773436,75.36141967773438,116.93830399999999,9.314123774950321,8.153846153846153,100.0,26
run_8_repetition_7,DONE,high_spar_CPM.csv,CPU,19888,4934995968,822.2581787109302,822.2581787109302,0,48.26397177724556,4.415841584158416,100.0,29
run_9_repetition_7,DONE,high_spar_CPM.csv,GPU,4601,3498418176,183.78847149121094,73.51170349121094,110.276768,9.425078830718995,8.12,100.0,27
run_10_repetition_7,DONE,low_spar_CPM.csv,CPU,20108,5064544256,828.7513122558594,828.7513122558594,0,48.552975814132125,4.284313725490196,100.0,28
run_11_repetition_7,DONE,low_spar_CPM.csv,GPU,4803,3479891968,189.07617671191406,74.16920471191406,114.906972,9.143150670597187,8.653846153846153,100.0,28
run_0_repetition_8,DONE,GDS3900_CPM.csv,CPU,21809,3261239296,322.0514831542969,322.0514831542969,0,7.533631196967116,4.162162162162162,100.0,27
run_1_repetition_8,DONE,GDS3900_CPM.csv,GPU,2201,3044560896,85.97820988671876,37.77410888671875,48.204101,11.797478992205399,8.23076923076923,100.0,27
run_2_repetition_8,DONE,GDS3900_TPM.csv,CPU,253086,3836932096,-61268.51370995996,-61289.77293395996,21.259224000000003,7.039556547811207,3.068666140489345,100.0,29
run_3_repetition_8,DONE,GDS3900_TPM.csv,GPU,2201,3058155520,86.78375741503906,37.68605041503906,49.097707,11.472124998386091,8.923076923076923,100.0,32
run_4_repetition_8,DONE,low_spar_TPM.csv,CPU,20082,4981530624,835.9440765380855,835.9440765380855,0,48.25735311049456,4.245098039215686,100.0,24
run_5_repetition_8,DONE,low_spar_TPM.csv,GPU,4803,3516624896,192.1543768916011,77.14173889160111,115.012638,9.283987530148947,7.653846153846154,100.0,24
run_6_repetition_8,DONE,high_spar_TPM.csv,CPU,20093,5082718208,827.6141510009766,827.6141510009766,0,47.296541361832155,4.372549019607843,100.0,28
run_7_repetition_8,DONE,high_spar_TPM.csv,GPU,4802,3457396736,190.67304180761718,75.87162780761719,114.801414,9.17655796271104,8.653846153846153,100.0,27
run_8_repetition_8,DONE,high_spar_CPM.csv,CPU,20092,5085638656,827.2127685546875,827.2127685546875,0,47.35223391535236,4.166666666666667,100.0,26
run_9_repetition_8,DONE,high_spar_CPM.csv,GPU,4602,3472019456,183.09439497460937,71.73519897460938,111.35919600000001,9.35310824394226,9.04,100.0,29
run_10_repetition_8,DONE,low_spar_CPM.csv,CPU,20097,5043507200,832.2249603271484,832.2249603271484,0,48.03764184608179,4.264705882352941,100.0,26
run_11_repetition_8,DONE,low_spar_CPM.csv,GPU,4803,3484442624,190.69443874218933,74.81726074218932,115.877178,9.165617951980003,8.26923076923077,100.0,26
run_0_repetition_9,DONE,GDS3900_CPM.csv,CPU,21608,3295395840,324.02748107910156,324.02748107910156,0,7.520237769863822,4.181818181818182,100.0,28
run_1_repetition_9,DONE,GDS3900_CPM.csv,GPU,2202,3066298368,82.75246577246094,37.19969177246094,45.552774,11.6884064582678,8.0,100.0,24
run_2_repetition_9,DONE,GDS3900_TPM.csv,CPU,245292,3850985472,4054.3839416503924,4054.3839416503924,0,6.999694179136804,3.066775244299674,100.0,25
run_3_repetition_9,DONE,GDS3900_TPM.csv,GPU,2202,3098529792,86.44872075585937,38.009124755859375,48.439596,11.612603604793549,9.153846153846153,100.0,27
run_4_repetition_9,DONE,low_spar_TPM.csv,CPU,20103,5036146688,832.845458984375,832.845458984375,0,48.11973476073905,4.254901960784314,100.0,28
run_5_repetition_9,DONE,low_spar_TPM.csv,GPU,4802,3493437440,189.12926316015626,74.42388916015625,114.70537399999999,9.055739120795176,8.461538461538462,100.0,27
run_6_repetition_9,DONE,high_spar_TPM.csv,CPU,19889,5077835776,821.6098022460901,821.6098022460901,0,48.25666381699024,4.108910891089109,100.0,27
run_7_repetition_9,DONE,high_spar_TPM.csv,GPU,4602,3507089408,183.17625340820314,73.85574340820312,109.32051000000001,9.474270362854003,9.4,100.0,29
run_8_repetition_9,DONE,high_spar_CPM.csv,CPU,19904,5114650624,824.6878204345703,824.6878204345703,0,48.794674017346736,4.099009900990099,100.0,27
run_9_repetition_9,DONE,high_spar_CPM.csv,GPU,4803,3495424000,191.9217126230505,75.89083862305051,116.030874,9.260293453931808,8.576923076923077,100.0,27
run_10_repetition_9,DONE,low_spar_CPM.csv,CPU,20081,5044670464,829.1664123535156,829.1664123535156,0,48.098981442989086,4.117647058823529,100.0,27
run_11_repetition_9,DONE,low_spar_CPM.csv,GPU,4803,3522248704,191.456178744137,75.35806274413699,116.09811599999999,9.199886460716908,7.961538461538462,100.0,25
run_0_repetition_10,DONE,GDS3900_CPM.csv,CPU,21609,3331944448,322.7264099121094,322.7264099121094,0,7.558606241237033,4.027272727272727,100.0,26
run_1_repetition_10,DONE,GDS3900_CPM.csv,GPU,2202,3104215040,84.38057068847655,36.77333068847656,47.60724,11.64455795288086,8.76923076923077,100.0,27
run_2_repetition_10,DONE,GDS3900_TPM.csv,CPU,263900,3894206464,4615.525879711914,4514.716079711914,100.8098,6.975149573722993,3.0598031794095384,100.0,26
run_3_repetition_10,DONE,GDS3900_TPM.csv,GPU,2201,3118686208,86.54221083105833,38.595626831058325,47.946584,11.686562165617943,8.384615384615385,100.0,26
run_4_repetition_10,DONE,low_spar_TPM.csv,CPU,20100,5073608704,833.9829711914062,833.9829711914062,0,48.20172776661667,4.098039215686274,100.0,26
run_5_repetition_10,DONE,low_spar_TPM.csv,GPU,4802,3549249536,191.74481132910154,75.71888732910156,116.02592399999999,9.26338019508582,8.653846153846153,100.0,29
run_6_repetition_10,DONE,high_spar_TPM.csv,CPU,19910,5100961792,822.4728393554688,822.4728393554688,0,48.130649744284035,4.158415841584159,100.0,27
run_7_repetition_10,DONE,high_spar_TPM.csv,GPU,4802,3564060672,191.03987348730467,74.77384948730469,116.26602399999999,9.340726868464397,7.884615384615385,100.0,25
run_8_repetition_10,DONE,high_spar_CPM.csv,CPU,19874,5131923456,819.9835205078198,819.9835205078198,0,48.4752812450475,4.346534653465347,100.0,28
run_9_repetition_10,DONE,high_spar_CPM.csv,GPU,4802,3551195136,191.88160070605468,74.82804870605469,117.053552,9.122481216604893,8.115384615384615,100.0,26
run_10_repetition_10,DONE,low_spar_CPM.csv,CPU,20318,5085110272,833.2636260986328,833.2636260986328,0,47.56092510755779,4.058252427184466,100.0,25
run_11_repetition_10,DONE,low_spar_CPM.csv,GPU,4802,3524427776,191.67681837304684,75.26193237304688,116.41488599999998,9.23283326625824,7.538461538461538,100.0,26
run_0_repetition_11,DONE,GDS3900_CPM.csv,CPU,21809,3349704704,316.61419677734375,316.61419677734375,0,7.483825627479467,4.135135135135135,100.0,24
run_1_repetition_11,DONE,GDS3900_CPM.csv,GPU,2202,3122556928,84.11809827832032,37.17366027832031,46.944438000000005,11.368742470557873,8.076923076923077,100.0,25
run_2_repetition_11,DONE,GDS3900_TPM.csv,CPU,246094,3918077952,4170.267471313477,4170.267471313477,0,6.985213705786056,3.0560064935064934,100.0,26
run_3_repetition_11,DONE,GDS3900_TPM.csv,GPU,2202,3175714816,87.32583696093022,38.824584960930224,48.501252,11.751477335508053,9.0,100.0,31
run_4_repetition_11,DONE,low_spar_TPM.csv,CPU,20113,5132447744,831.6136169433594,831.6136169433594,0,47.984420435685735,4.2745098039215685,100.0,26
run_5_repetition_11,DONE,low_spar_TPM.csv,GPU,4803,3634409472,190.0770337841797,74.75700378417969,115.32003,9.496509856902637,8.384615384615385,100.0,26
run_6_repetition_11,DONE,high_spar_TPM.csv,CPU,20078,5156134912,827.4410705566406,827.4410705566406,0,48.05985321002264,4.2745098039215685,100.0,26
run_7_repetition_11,DONE,high_spar_TPM.csv,GPU,4803,3619094528,192.3735210859375,75.6077880859375,116.765733,9.091334616335537,9.076923076923077,100.0,33
run_8_repetition_11,DONE,high_spar_CPM.csv,CPU,19917,5196894208,825.3353271484302,825.3353271484302,0,48.62199798536183,4.267326732673268,100.0,27
run_9_repetition_11,DONE,high_spar_CPM.csv,GPU,4602,3528675328,185.1951561826172,73.95561218261719,111.23954400000001,9.462739428281784,8.16,100.0,26
run_10_repetition_11,DONE,low_spar_CPM.csv,CPU,20094,5108862976,827.1889801025391,827.1889801025391,0,48.864046286134155,4.2254901960784315,100.0,26
run_11_repetition_11,DONE,low_spar_CPM.csv,GPU,4802,3660275712,191.51332566308594,75.91477966308594,115.59854599999998,9.249549305209747,8.846153846153847,100.0,32
run_0_repetition_12,DONE,GDS3900_CPM.csv,CPU,21608,3365089280,323.20082092285156,323.20082092285156,0,7.529011173139919,4.118181818181818,100.0,27
run_1_repetition_12,DONE,GDS3900_CPM.csv,GPU,2201,3152089088,83.144499984375,37.548583984375,45.595916,11.311106438820179,8.923076923076923,100.0,25
run_2_repetition_12,DONE,GDS3900_TPM.csv,CPU,245893,3933573120,4162.09430781543,4148.81608581543,13.278222,6.979240986436097,3.0714865962632008,100.0,26
run_3_repetition_12,DONE,GDS3900_TPM.csv,GPU,2202,3186147328,84.53849880858647,38.329528808586474,46.20897,11.514314062320269,8.076923076923077,100.0,26
run_4_repetition_12,DONE,low_spar_TPM.csv,CPU,20087,5076234240,830.317138671875,830.317138671875,0,48.36793186325653,4.264705882352941,100.0,27
run_5_repetition_12,DONE,low_spar_TPM.csv,GPU,4802,3618017280,193.12194112695312,75.38650512695312,117.73543599999999,9.189751990712606,8.115384615384615,100.0,27
run_6_repetition_12,DONE,high_spar_TPM.csv,CPU,20092,5098651648,824.8545227050781,824.8545227050781,0,47.858772845829236,4.186274509803922,100.0,27
run_7_repetition_12,DONE,high_spar_TPM.csv,GPU,4803,3655602176,193.06120875390627,76.53082275390625,116.53038600000001,9.38423087963691,7.846153846153846,100.0,25
run_8_repetition_12,DONE,high_spar_CPM.csv,CPU,20503,5290811392,834.7121443417968,832.7028503417969,2.009294,47.927397169172764,4.211538461538462,100.0,26
run_9_repetition_12,DONE,high_spar_CPM.csv,GPU,4602,3664404480,182.89386613281295,72.83703613281295,110.05683,9.540386053323747,7.64,100.0,26
run_10_repetition_12,DONE,low_spar_CPM.csv,CPU,19893,5251567616,828.7012329101562,828.7012329101562,0,47.74424880256157,3.495049504950495,100.0,28
run_11_repetition_12,DONE,low_spar_CPM.csv,GPU,4803,3569180672,191.9975716171875,77.1434326171875,114.854139,9.54127590931379,7.6923076923076925,100.0,25
run_0_repetition_13,DONE,GDS3900_CPM.csv,CPU,21809,3463598080,330.0660588886719,326.3149108886719,3.751148,7.58577144817189,3.954954954954955,100.0,23
run_1_repetition_13,DONE,GDS3900_CPM.csv,GPU,2201,3228999680,87.73331466113282,37.24897766113281,50.484337000000004,11.420402955550413,7.615384615384615,100.0,24
run_2_repetition_13,DONE,GDS3900_TPM.csv,CPU,249294,4024967168,4288.107406616211,4288.107406616211,0,7.0553278918378055,2.980769230769231,100.0,24
run_3_repetition_13,DONE,GDS3900_TPM.csv,GPU,2201,3245096960,84.36465005859375,38.77093505859375,45.593715,11.969907905046757,7.3076923076923075,100.0,22
run_4_repetition_13,DONE,low_spar_TPM.csv,CPU,20097,5150134272,838.2347259521466,838.2347259521466,0,48.531134794155754,4.049019607843137,100.0,21
run_5_repetition_13,DONE,low_spar_TPM.csv,GPU,4802,3687702528,192.39564275585937,76.38412475585938,116.011518,9.297354013873981,7.730769230769231,100.0,23
run_6_repetition_13,DONE,high_spar_TPM.csv,CPU,19899,5231284224,824.6085437255841,824.1110687255841,0.49747500000000006,48.996207957958234,4.01980198019802,100.0,23
run_7_repetition_13,DONE,high_spar_TPM.csv,GPU,4802,3696033792,191.24212334960936,75.53793334960938,115.70419,9.315435386621036,7.346153846153846,100.0,24
run_8_repetition_13,DONE,high_spar_CPM.csv,CPU,20062,5209460736,822.2512817382812,822.2512817382812,0,48.940452799785376,3.980392156862745,100.0,23
run_9_repetition_13,DONE,high_spar_CPM.csv,GPU,4803,3647889408,190.6462574794922,74.54814147949219,116.09811599999999,9.111036672041967,7.6923076923076925,100.0,25
run_10_repetition_13,DONE,low_spar_CPM.csv,CPU,20102,5254930432,834.709659268551,832.860275268551,1.8493840000000001,48.019995766527515,3.9901960784313726,100.0,23
run_11_repetition_13,DONE,low_spar_CPM.csv,GPU,4802,3670515712,192.12630778418333,75.78825378418333,116.33805399999999,9.16511318889948,8.076923076923077,100.0,28
run_0_repetition_14,DONE,GDS3900_CPM.csv,CPU,21609,3467849728,320.4622452705042,319.3385772705042,1.1236680000000001,7.521552579240364,3.9454545454545453,100.0,23
run_1_repetition_14,DONE,GDS3900_CPM.csv,GPU,2201,3260157952,82.12565847655887,37.34631347655886,44.779345,11.9231583911639,8.923076923076923,100.0,24
run_2_repetition_14,DONE,GDS3900_TPM.csv,CPU,249900,4053975040,4348.489596728516,4321.500396728516,26.9892,7.057076838686406,3.0215827338129495,100.0,23
run_3_repetition_14,DONE,GDS3900_TPM.csv,GPU,2202,3289350144,85.11398358691406,38.01100158691406,47.102982,11.78212519104664,7.230769230769231,100.0,22
run_4_repetition_14,DONE,low_spar_TPM.csv,CPU,20071,5292933120,836.7474060058594,836.7474060058594,0,48.50022505924982,4.127450980392157,100.0,23
run_5_repetition_14,DONE,low_spar_TPM.csv,GPU,4802,3669569536,191.58245232421876,77.36688232421875,114.21557,9.374546954265007,7.5,100.0,24
run_6_repetition_14,DONE,high_spar_TPM.csv,CPU,19875,5300154368,826.4036712646484,826.4036712646484,0,47.778972549013574,3.9405940594059405,100.0,23
run_7_repetition_14,DONE,high_spar_TPM.csv,GPU,4802,3692089344,188.9826560908203,75.44416809082031,113.538488,9.29181028329409,7.423076923076923,100.0,24
run_8_repetition_14,DONE,high_spar_CPM.csv,CPU,20095,5239947264,824.2051696777344,824.2051696777344,0,48.111401287802295,3.911764705882353,100.0,23
run_9_repetition_14,DONE,high_spar_CPM.csv,GPU,4804,3787530240,191.3082141328125,75.6182861328125,115.68992800000001,9.343884035371818,7.461538461538462,100.0,24
run_10_repetition_14,DONE,low_spar_CPM.csv,CPU,20082,5233479680,833.1568298339844,833.1568298339844,0,47.24024857843624,3.9313725490196076,100.0,23
run_11_repetition_14,DONE,low_spar_CPM.csv,GPU,4803,3701018624,190.79675407226563,76.19717407226562,114.59958,9.246717157272194,7.576923076923077,100.0,23
run_0_repetition_15,DONE,GDS3900_CPM.csv,CPU,22008,3486044160,327.6619873046875,327.6619873046875,0,7.512792928410428,3.9732142857142856,100.0,25
run_1_repetition_15,DONE,GDS3900_CPM.csv,GPU,2201,3280523264,83.20673271582032,37.81330871582031,45.393424,13.772422117682606,8.615384615384615,100.0,23
run_2_repetition_15,DONE,GDS3900_TPM.csv,CPU,241894,4091424768,4236.860164691407,4212.912658691406,23.947506,7.0295524727230125,2.9933938893476464,100.0,23
run_3_repetition_15,DONE,GDS3900_TPM.csv,GPU,2201,3280687104,84.70677201953126,37.98614501953125,46.720627,11.620115133432243,7.538461538461538,100.0,23
run_4_repetition_15,DONE,low_spar_TPM.csv,CPU,20094,5278007296,831.5842590331958,831.5842590331958,0,48.204775673501636,4.0588235294117645,100.0,23
run_5_repetition_15,DONE,low_spar_TPM.csv,GPU,4803,3773739008,191.89854334179688,74.79660034179688,117.101943,9.292830717105131,7.3076923076923075,100.0,23
run_6_repetition_15,DONE,high_spar_TPM.csv,CPU,20086,5335425024,826.1102752685474,826.1102752685474,0,48.184186279627625,3.9313725490196076,100.0,23
run_7_repetition_15,DONE,high_spar_TPM.csv,GPU,4803,3684704256,192.52182076464845,76.63023376464844,115.891587,9.346467990141647,7.3076923076923075,100.0,23
run_8_repetition_15,DONE,high_spar_CPM.csv,CPU,20103,5301293056,827.0472564697338,827.0472564697338,0,47.890336024118405,4.029411764705882,100.0,24
run_9_repetition_15,DONE,high_spar_CPM.csv,GPU,4802,3734249472,191.25110149511718,74.93705749511719,116.314044,9.186438819536797,7.461538461538462,100.0,24
run_10_repetition_15,DONE,low_spar_CPM.csv,CPU,20092,5306396672,832.4473724365234,832.4473724365234,0,48.382626538183175,4.0588235294117645,100.0,24
run_11_repetition_15,DONE,low_spar_CPM.csv,GPU,4802,3765248000,190.15088674218748,76.1610107421875,113.989876,9.435343871896084,7.1923076923076925,100.0,23
run_0_repetition_16,DONE,GDS3900_CPM.csv,CPU,24411,3505938432,357.69313049316406,357.69313049316406,0,7.568499451443072,3.7661290322580645,100.0,23
run_1_repetition_16,DONE,GDS3900_CPM.csv,GPU,2202,3289825280,80.00829083398438,37.359954833984375,42.64833599999999,11.57942057114381,9.0,100.0,23
run_2_repetition_16,DONE,GDS3900_TPM.csv,CPU,246297,4055494656,4240.283892998047,4225.506072998047,14.77782,7.055555954092128,3.010543390105434,100.0,24
run_3_repetition_16,DONE,GDS3900_TPM.csv,GPU,2201,3316260864,83.57997828124999,39.03173828125,44.54824,11.872062960496315,7.615384615384615,100.0,23
run_4_repetition_16,DONE,low_spar_TPM.csv,CPU,20092,5288718336,831.0924563242188,830.1481323242188,0.9443239999999999,48.168730416718645,4.049019607843137,100.0,23
run_5_repetition_16,DONE,low_spar_TPM.csv,GPU,4803,3780165632,191.79266343749998,75.2958984375,116.496765,9.293977320194244,7.423076923076923,100.0,24
run_6_repetition_16,DONE,high_spar_TPM.csv,CPU,19881,5274202112,823.5590515136646,823.5590515136646,0,47.7899302763514,3.9702970297029703,100.0,22
run_7_repetition_16,DONE,high_spar_TPM.csv,GPU,4803,3754967040,192.85404247363283,76.41011047363281,116.443932,9.327948682583296,7.461538461538462,100.0,24
run_8_repetition_16,DONE,high_spar_CPM.csv,CPU,19893,5288738816,821.7595367431641,821.7595367431641,0,48.01701395051314,4.118811881188119,100.0,23
run_9_repetition_16,DONE,high_spar_CPM.csv,GPU,4802,3733610496,188.53115172070318,75.35281372070318,113.178338,9.145434113649223,7.3076923076923075,100.0,23
run_10_repetition_16,DONE,low_spar_CPM.csv,CPU,20080,5290459136,828.280029296875,828.280029296875,0,48.174396435419716,4.03921568627451,100.0,24
run_11_repetition_16,DONE,low_spar_CPM.csv,GPU,4802,3733680128,190.83961015527342,76.00938415527344,114.830226,9.397358498894251,7.346153846153846,100.0,24
run_0_repetition_17,DONE,GDS3900_CPM.csv,CPU,21609,3559223296,319.8506164550781,319.8506164550781,0,7.601132742789658,3.909090909090909,100.0,23
run_1_repetition_17,DONE,GDS3900_CPM.csv,GPU,2201,3311493120,85.7984019228511,37.63832092285111,48.160081,11.49007639518151,7.538461538461538,100.0,23
run_2_repetition_17,DONE,GDS3900_TPM.csv,CPU,253896,4139982848,4250.643569946289,4250.643569946289,0,7.123283484207655,2.987411487018096,100.0,23
run_3_repetition_17,DONE,GDS3900_TPM.csv,GPU,2201,3334508544,85.36337838671875,37.64129638671875,47.722082,11.656813114881516,8.153846153846153,100.0,23
run_4_repetition_17,DONE,low_spar_TPM.csv,CPU,20083,5293998080,832.5834808349609,832.5834808349609,0,48.17328754242729,4.078431372549019,100.0,24
run_5_repetition_17,DONE,low_spar_TPM.csv,GPU,4802,3720536064,191.90053439746276,76.28758239746276,115.61295199999999,9.395883412315296,8.192307692307692,100.0,28
run_6_repetition_17,DONE,high_spar_TPM.csv,CPU,19888,5355884544,829.5527476923828,825.0580596923828,4.494688,47.8272181212312,4.089108910891089,100.0,23
run_7_repetition_17,DONE,high_spar_TPM.csv,GPU,4802,3743031296,190.92760912011718,75.35307312011719,115.574536,9.193512909687483,7.5,100.0,24
run_8_repetition_17,DONE,high_spar_CPM.csv,CPU,20276,5352566784,826.3749237060565,826.3749237060565,0,47.68363641014377,4.145631067961165,100.0,23
run_9_repetition_17,DONE,high_spar_CPM.csv,GPU,4803,3723972608,189.83907617089844,75.08580017089844,114.753276,9.443725974513935,7.538461538461538,100.0,23
run_10_repetition_17,DONE,low_spar_CPM.csv,CPU,20093,5364510720,826.5024719238281,826.5024719238281,0,48.93134799716519,4.078431372549019,100.0,23
run_11_repetition_17,DONE,low_spar_CPM.csv,GPU,4802,3876827136,189.43082768457032,75.80110168457031,113.62972599999999,9.216782158383957,7.461538461538462,100.0,23
run_0_repetition_18,DONE,GDS3900_CPM.csv,CPU,21808,3596464128,321.76264953613645,321.76264953613645,0,7.641467800548485,3.936936936936937,100.0,23
run_1_repetition_18,DONE,GDS3900_CPM.csv,GPU,2201,3343527936,81.00777353808229,37.7097015380823,43.298072,11.94336086511612,8.23076923076923,100.0,23
run_2_repetition_18,DONE,GDS3900_TPM.csv,CPU,246293,4179734528,4238.301193237305,4238.301193237305,0,7.068330671073262,3.004866180048662,100.0,23
run_3_repetition_18,DONE,GDS3900_TPM.csv,GPU,2202,3394867200,82.69152268457032,38.16047668457031,44.531046,11.790820924135355,7.230769230769231,100.0,22
run_4_repetition_18,DONE,low_spar_TPM.csv,CPU,20110,5338923008,831.8278503417969,831.8278503417969,0,49.042593988425594,4.0588235294117645,100.0,23
run_5_repetition_18,DONE,low_spar_TPM.csv,GPU,4803,3769290752,187.80846845996456,74.70262145996458,113.105847,9.263173099893791,7.769230769230769,100.0,23
run_6_repetition_18,DONE,high_spar_TPM.csv,CPU,20094,5345099776,822.5972137451172,822.5972137451172,0,47.29253012497051,4.078431372549019,100.0,22
run_7_repetition_18,DONE,high_spar_TPM.csv,GPU,4803,3736588288,189.69083860644167,74.23152160644167,115.459317,9.532823219322243,8.5,100.0,29
run_8_repetition_18,DONE,high_spar_CPM.csv,CPU,19896,5359550464,829.2225189209057,829.2225189209057,0,48.37596686759798,4.079207920792079,100.0,23
run_9_repetition_18,DONE,high_spar_CPM.csv,GPU,4803,3840983040,188.67892128125,73.59423828125,115.08468300000001,9.172319195591486,8.538461538461538,100.0,28
run_10_repetition_18,DONE,low_spar_CPM.csv,CPU,20092,5333565440,839.0133819580078,839.0133819580078,0,48.566528552303126,4.137254901960785,100.0,24
run_11_repetition_18,DONE,low_spar_CPM.csv,GPU,4803,3793989632,188.9214120341797,75.16716003417969,113.754252,9.247389361262321,7.615384615384615,100.0,24
run_0_repetition_19,DONE,GDS3900_CPM.csv,CPU,21609,3587969024,316.1311340332031,316.1311340332031,0,7.511866117607463,4.081818181818182,100.0,25
run_1_repetition_19,DONE,GDS3900_CPM.csv,GPU,2201,3354198016,83.61222659765625,37.36041259765625,46.251813999999996,11.748872463519756,8.461538461538462,100.0,26
run_2_repetition_19,DONE,GDS3900_TPM.csv,CPU,245088,4158664704,4060.129718550781,4039.7874145507812,20.342304000000002,7.0097015045990085,3.050529747351263,100.0,23
run_3_repetition_19,DONE,GDS3900_TPM.csv,GPU,2201,3420766208,86.30655204882812,39.035675048828125,47.270877,11.51210525861153,7.846153846153846,100.0,23
run_4_repetition_19,DONE,low_spar_TPM.csv,CPU,20088,5365768192,829.7833862304688,829.7833862304688,0,48.20311213416212,4.196078431372549,100.0,25
run_5_repetition_19,DONE,low_spar_TPM.csv,GPU,4802,3856453632,190.59085286035156,75.83265686035156,114.758196,9.435607192608026,7.6923076923076925,100.0,24
run_6_repetition_19,DONE,high_spar_TPM.csv,CPU,19889,5323395072,825.7303061835937,825.4916381835938,0.23866800000000002,48.48557743459645,4.178217821782178,100.0,24
run_7_repetition_19,DONE,high_spar_TPM.csv,GPU,4803,3790852096,190.4927620371094,74.82211303710938,115.67064900000001,9.137710272119595,7.615384615384615,100.0,23
run_8_repetition_19,DONE,high_spar_CPM.csv,CPU,19872,5420171264,823.5953063964844,823.5953063964844,0,48.60177116317324,4.188118811881188,100.0,24
run_9_repetition_19,DONE,high_spar_CPM.csv,GPU,4802,3788742656,188.92178075097655,74.54774475097656,114.37403599999999,9.227415763414822,7.8076923076923075,100.0,24
run_10_repetition_19,DONE,low_spar_CPM.csv,CPU,20078,5442551808,833.5758972167969,833.5758972167969,0,48.21292847570251,4.147058823529412,100.0,24
run_11_repetition_19,DONE,low_spar_CPM.csv,GPU,4802,3814797312,189.04970546777344,74.45957946777344,114.590126,9.248629881785465,7.461538461538462,100.0,24
run_0_repetition_20,DONE,GDS3900_CPM.csv,CPU,21608,3636101120,319.54138183592295,319.54138183592295,0,7.565836429866877,4.0,100.0,23
run_1_repetition_20,DONE,GDS3900_CPM.csv,GPU,2202,3398463488,84.42334117089844,37.00767517089844,47.415666,11.660689360820331,8.76923076923077,100.0,23
run_2_repetition_20,DONE,GDS3900_TPM.csv,CPU,249493,4208418816,4090.732406616218,4090.732406616218,0,7.020123905127195,3.065652522017614,100.0,29
run_3_repetition_20,DONE,GDS3900_TPM.csv,GPU,2201,3423637504,81.90479164941407,38.59791564941406,43.306876,11.579133095649572,7.6923076923076925,100.0,23
run_4_repetition_20,DONE,low_spar_TPM.csv,CPU,20109,5419454464,839.2137603759693,839.2137603759693,0,48.18746826753897,4.166666666666667,100.0,24
run_5_repetition_20,DONE,low_spar_TPM.csv,GPU,4802,3795615744,188.83188170214117,75.35581970214116,113.476062,9.238280220673634,7.6923076923076925,100.0,25
run_6_repetition_20,DONE,high_spar_TPM.csv,CPU,19898,5458354176,830.1939849853516,830.1939849853516,0,48.42383076589887,4.257425742574258,100.0,26
run_7_repetition_20,DONE,high_spar_TPM.csv,GPU,4803,3795992576,190.71366658789063,75.85952758789062,114.854139,9.302958119374054,7.423076923076923,100.0,23
run_8_repetition_20,DONE,high_spar_CPM.csv,CPU,19896,5410648064,823.8203125,823.8203125,0,48.29849891217039,4.376237623762377,100.0,31
run_9_repetition_20,DONE,high_spar_CPM.csv,GPU,4802,3901501440,189.65957142578122,75.34796142578125,114.31160999999999,9.181668660961664,7.5,100.0,23
run_10_repetition_20,DONE,low_spar_CPM.csv,CPU,20104,5440430080,830.2390611669995,826.5198211669995,3.7192399999999997,48.04128661225824,4.078431372549019,100.0,24
run_11_repetition_20,DONE,low_spar_CPM.csv,GPU,4802,3864625152,188.69743929102287,74.2513732910229,114.44606599999999,9.203399096543972,8.76923076923077,100.0,30
run_0_repetition_21,DONE,GDS3900_CPM.csv,CPU,22009,3902128128,361.5257568359375,361.5257568359375,0,8.489521868260843,4.741071428571429,100.0,22
run_1_repetition_21,DONE,GDS3900_CPM.csv,GPU,2202,3613257728,83.99344395996091,39.11668395996091,44.876760000000004,11.596405430481983,13.615384615384615,100.0,25
run_2_repetition_21,DONE,GDS3900_TPM.csv,CPU,254093,4363554816,4432.240783691406,4432.240783691406,0,7.035277263606963,2.3773584905660377,100.0,25
run_3_repetition_21,DONE,GDS3900_TPM.csv,GPU,2201,3642707968,85.97605795507812,37.655303955078125,48.320754,11.638729634193275,7.076923076923077,100.0,21
run_4_repetition_21,DONE,low_spar_TPM.csv,CPU,20102,5599473664,836.3121337890625,836.3121337890625,0,49.087975780169174,3.323529411764706,100.0,24
run_5_repetition_21,DONE,low_spar_TPM.csv,GPU,4802,4074483712,193.54748623046873,75.65838623046875,117.8891,9.160681404746494,7.461538461538462,100.0,24
run_6_repetition_21,DONE,high_spar_TPM.csv,CPU,19889,5634347008,827.1514700283203,825.7791290283203,1.372341,48.30005612703833,3.4356435643564356,100.0,25
run_7_repetition_21,DONE,high_spar_TPM.csv,GPU,4802,4082372608,190.50713723242006,74.12106323242006,116.386074,9.09943712158845,7.423076923076923,100.0,24
run_8_repetition_21,DONE,high_spar_CPM.csv,CPU,19899,5582630912,819.9665463574219,818.0761413574219,1.8904050000000003,47.547470355092884,3.3564356435643563,100.0,24
run_9_repetition_21,DONE,high_spar_CPM.csv,GPU,4603,4015345664,182.85595864257812,73.18948364257812,109.66647499999999,9.356984863281248,7.68,100.0,23
run_10_repetition_21,DONE,low_spar_CPM.csv,CPU,20084,5671579648,832.6205444335938,832.6205444335938,0,48.233345442835024,3.107843137254902,100.0,23
run_11_repetition_21,DONE,low_spar_CPM.csv,GPU,4803,4092973056,188.20509762304687,74.35958862304688,113.845509,9.054967818351892,7.5,100.0,23
run_0_repetition_22,DONE,GDS3900_CPM.csv,CPU,21608,3850862592,319.0813446044922,319.0813446044922,0,7.469035349108958,3.0636363636363635,100.0,24
run_1_repetition_22,DONE,GDS3900_CPM.csv,GPU,2202,3625074688,85.58050855175782,37.66719055175781,47.913318000000004,11.81856644153595,8.615384615384615,100.0,28
run_2_repetition_22,DONE,GDS3900_TPM.csv,CPU,246493,4425523200,4233.668930053711,4233.668930053711,0,6.965460640346598,2.1636952998379253,100.0,23
run_3_repetition_22,DONE,GDS3900_TPM.csv,GPU,2201,3650949120,82.54435567675782,38.38789367675781,44.156462,11.859551787376404,8.0,100.0,24
run_4_repetition_22,DONE,low_spar_TPM.csv,CPU,20306,5575925760,834.0033874511719,834.0033874511719,0,47.628598167479616,3.1553398058252426,100.0,23
run_5_repetition_22,DONE,low_spar_TPM.csv,GPU,4802,4069543936,192.45718962109373,77.02191162109375,115.435278,9.332461461424828,7.153846153846154,100.0,23
run_6_repetition_22,DONE,high_spar_TPM.csv,CPU,20103,5610491904,828.8603433798828,828.4984893798828,0.36185400000000006,47.41633485462151,3.1470588235294117,100.0,24
run_7_repetition_22,DONE,high_spar_TPM.csv,GPU,4803,4079579136,189.02981834179323,75.89035034179324,113.139468,9.287249860855248,7.461538461538462,100.0,24
run_8_repetition_22,DONE,high_spar_CPM.csv,CPU,19906,5680349184,825.533203125,825.533203125,0,48.211153713193276,3.1683168316831685,100.0,24
run_9_repetition_22,DONE,high_spar_CPM.csv,GPU,4802,4046925824,191.45371315234374,74.44818115234375,117.00553199999999,9.036374371785385,6.961538461538462,100.0,23
run_10_repetition_22,DONE,low_spar_CPM.csv,CPU,20105,5690011648,827.3493804931641,827.3493804931641,0,48.08998465947076,3.2058823529411766,100.0,24
run_11_repetition_22,DONE,low_spar_CPM.csv,GPU,4802,4072972288,191.3724078945276,74.76544189452761,116.60696599999999,9.431784595434483,7.3076923076923075,100.0,25
run_0_repetition_23,DONE,GDS3900_CPM.csv,CPU,21609,3883442176,320.42234802246094,320.42234802246094,0,7.54720219373703,3.0727272727272728,100.0,23
run_1_repetition_23,DONE,GDS3900_CPM.csv,GPU,2201,3665817600,82.54166096582395,36.87971496582395,45.66194600000001,11.302057603230843,8.384615384615385,100.0,22
run_2_repetition_23,DONE,GDS3900_TPM.csv,CPU,246291,4455071744,4255.557726437496,4192.014648437496,63.543078,6.985585865204351,2.1824817518248176,100.0,25
run_3_repetition_23,DONE,GDS3900_TPM.csv,GPU,2201,3668242432,84.44126929003178,37.62159729003179,46.819672,11.55993310534037,6.846153846153846,100.0,22
run_4_repetition_23,DONE,low_spar_TPM.csv,CPU,20690,5700136960,1383.3024219287108,892.3701019287109,490.93232,48.96413971554665,10.17142857142857,100.0,37
run_5_repetition_23,DONE,low_spar_TPM.csv,GPU,4802,4286734336,194.6428057363281,80.77297973632812,113.86982599999999,10.469697934503738,7.730769230769231,100.0,23
run_6_repetition_23,DONE,high_spar_TPM.csv,CPU,19900,5854883840,831.0330963134766,831.0330963134766,0,48.401836816037054,3.386138613861386,100.0,25
run_7_repetition_23,DONE,high_spar_TPM.csv,GPU,4803,4230451200,189.75717981054686,75.16720581054688,114.589974,9.188856828671234,6.8076923076923075,100.0,22
run_8_repetition_23,DONE,high_spar_CPM.csv,CPU,20093,5840752640,834.8079986572193,834.8079986572193,0,48.31469457523496,3.303921568627451,100.0,24
run_9_repetition_23,DONE,high_spar_CPM.csv,GPU,4803,4280152064,189.68642602539063,75.01480102539062,114.671625,9.089757202909542,7.230769230769231,100.0,23
run_10_repetition_23,DONE,low_spar_CPM.csv,CPU,20285,5860028416,861.1526140087891,856.7304840087891,4.42213,48.756092693620516,6.223300970873787,100.0,24
run_11_repetition_23,DONE,low_spar_CPM.csv,GPU,4803,4497707008,189.48285021777343,77.04942321777344,112.433427,9.159475191281391,7.115384615384615,100.0,23
run_0_repetition_24,DONE,GDS3900_CPM.csv,CPU,21809,4301606912,325.31407165527344,325.31407165527344,0,7.591644692259866,3.171171171171171,100.0,24
run_1_repetition_24,DONE,GDS3900_CPM.csv,GPU,2201,4040478720,82.43912620117189,36.999481201171875,45.439645000000006,11.520612693749943,7.846153846153846,100.0,22
run_2_repetition_24,DONE,GDS3900_TPM.csv,CPU,244495,4826505216,4314.260238647461,4314.260238647461,0,7.0305394893573006,2.177287581699346,100.0,30
run_3_repetition_24,DONE,GDS3900_TPM.csv,GPU,2201,4075003904,84.58668816211666,38.15219116211665,46.43449700000001,11.586076250443092,7.3076923076923075,100.0,23
run_4_repetition_24,DONE,low_spar_TPM.csv,CPU,20080,6055051264,832.1182861328052,832.1182861328052,0,48.102912185823214,3.3137254901960786,100.0,24
run_5_repetition_24,DONE,low_spar_TPM.csv,GPU,4803,4488503296,189.92199354492186,75.27438354492188,114.64761,9.183139030749981,7.115384615384615,100.0,24
run_6_repetition_24,DONE,high_spar_TPM.csv,CPU,19900,6040010752,823.5678405761719,823.5678405761719,0,48.321553400247396,3.1881188118811883,100.0,23
run_7_repetition_24,DONE,high_spar_TPM.csv,GPU,4602,4469420032,184.6479188408276,73.20588684082759,111.44203200000001,9.454236392974853,7.44,100.0,25
run_8_repetition_24,DONE,high_spar_CPM.csv,CPU,20106,6079766528,831.3289489746094,831.3289489746094,0,47.38506525696493,3.2254901960784315,100.0,23
run_9_repetition_24,DONE,high_spar_CPM.csv,GPU,4602,4484902912,184.24810630859378,73.47796630859375,110.77014000000001,9.450755707025527,8.2,100.0,28
run_10_repetition_24,DONE,low_spar_CPM.csv,CPU,20095,6080978944,833.9075882128906,832.6817932128906,1.225795,48.88498813030766,3.284313725490196,100.0,22
run_11_repetition_24,DONE,low_spar_CPM.csv,GPU,4803,4515917824,189.57003710742185,74.13473510742188,115.435302,9.191270476350418,7.6923076923076925,100.0,24
run_0_repetition_25,DONE,GDS3900_CPM.csv,CPU,21809,4345139200,357.65594482421875,357.65594482421875,0,8.311702944942423,7.954954954954955,100.0,30
run_1_repetition_25,DONE,GDS3900_CPM.csv,GPU,2201,4081078272,85.72409511231197,37.34611511231196,48.37798,11.627078301631487,7.3076923076923075,100.0,23
run_2_repetition_25,DONE,GDS3900_TPM.csv,CPU,254296,4876414976,-61247.589537379885,-61256.99848937988,9.408952,7.017921856019972,2.1539670070699137,100.0,23
run_3_repetition_25,DONE,GDS3900_TPM.csv,GPU,2201,4140052480,86.42401781542969,38.20671081542969,48.217307000000005,11.63953553713285,7.615384615384615,100.0,23
run_4_repetition_25,DONE,low_spar_TPM.csv,CPU,20106,6080036864,834.8953552246094,834.8953552246094,0,48.914796824840934,3.343137254901961,100.0,23
run_5_repetition_25,DONE,low_spar_TPM.csv,GPU,4802,4584775680,191.0013189765625,74.8697509765625,116.13156799999999,9.16848253687987,7.538461538461538,100.0,23
run_6_repetition_25,DONE,high_spar_TPM.csv,CPU,19892,6152757248,826.4929962158203,826.4929962158203,0,48.41548828795405,3.405940594059406,100.0,24
run_7_repetition_25,DONE,high_spar_TPM.csv,GPU,4603,4499034112,183.70114695019532,73.61579895019531,110.085348,9.574561541080476,7.76,100.0,23
run_8_repetition_25,DONE,high_spar_CPM.csv,CPU,19909,6087266304,825.1529846191406,825.1529846191406,0,47.533974861449536,3.4257425742574257,100.0,23
run_9_repetition_25,DONE,high_spar_CPM.csv,GPU,4602,4496457728,183.47408903515625,72.15631103515625,111.317778,9.362468948364258,7.6,100.0,24
run_10_repetition_25,DONE,low_spar_CPM.csv,CPU,20098,6072270848,833.2124938964844,833.2124938964844,0,48.25634373169319,3.2745098039215685,100.0,21
run_11_repetition_25,DONE,low_spar_CPM.csv,GPU,4802,4504526848,191.30627720703126,75.12188720703125,116.18439,9.176700791487328,7.961538461538462,100.0,24
run_0_repetition_26,DONE,GDS3900_CPM.csv,CPU,21409,4328411136,311.52751159667787,311.52751159667787,0,7.503548916873582,3.18348623853211,100.0,24
run_1_repetition_26,DONE,GDS3900_CPM.csv,GPU,2201,4109131776,82.36769318359376,36.85101318359375,45.51668,12.189869933403454,7.076923076923077,100.0,23
run_2_repetition_26,DONE,GDS3900_TPM.csv,CPU,240892,4889808896,3994.2452239990216,3994.2452239990216,0,6.958220997815999,2.1625207296849087,100.0,23
run_3_repetition_26,DONE,GDS3900_TPM.csv,GPU,2202,4142878720,84.90449528515626,37.03521728515625,47.869278,11.459803118155554,7.615384615384615,100.0,21
run_4_repetition_26,DONE,low_spar_TPM.csv,CPU,20089,6121132032,829.7655639648438,829.7655639648438,0,48.190240243924606,3.3823529411764706,100.0,23
run_5_repetition_26,DONE,low_spar_TPM.csv,GPU,4803,4549623808,191.14996411034792,75.19593811034792,115.954026,9.189058129604046,7.461538461538462,100.0,23
run_6_repetition_26,DONE,high_spar_TPM.csv,CPU,19894,6146330624,826.6647796630787,826.6647796630787,0,48.55414502189891,3.227722772277228,100.0,25
run_7_repetition_26,DONE,high_spar_TPM.csv,GPU,4802,4561752064,190.84212774999997,75.15234375,115.68978399999999,8.649251577372734,7.576923076923077,100.0,24
run_8_repetition_26,DONE,high_spar_CPM.csv,CPU,19882,6138896384,825.2406463623047,825.2406463623047,0,48.44251626729965,3.287128712871287,100.0,23
run_9_repetition_26,DONE,high_spar_CPM.csv,GPU,4803,4569182208,189.94405086816408,72.93336486816406,117.010686,9.143265905288551,7.6923076923076925,100.0,24
run_10_repetition_26,DONE,low_spar_CPM.csv,CPU,20305,6112317440,828.5995483398401,828.5995483398401,0,46.799000672634364,3.233009708737864,100.0,23
run_11_repetition_26,DONE,low_spar_CPM.csv,GPU,4803,4537729024,191.03078373730472,74.79338073730469,116.23740300000001,9.069637734156387,7.576923076923077,100.0,23
run_0_repetition_27,DONE,GDS3900_CPM.csv,CPU,21609,4443942912,316.8682195136755,313.0434265136755,3.824793,7.474542948874561,3.190909090909091,100.0,25
run_1_repetition_27,DONE,GDS3900_CPM.csv,GPU,2201,4147236864,80.98043680956667,36.724929809566675,44.255507,11.534080743789673,7.230769230769231,100.0,22
run_2_repetition_27,DONE,GDS3900_TPM.csv,CPU,260691,4921307136,4262.3106079101635,4262.3106079101635,0,7.0274867082235914,2.152490421455939,100.0,23
run_3_repetition_27,DONE,GDS3900_TPM.csv,GPU,2202,4199604224,85.93269845898436,39.494720458984375,46.437977999999994,12.0635533447449,8.461538461538462,100.0,24
run_4_repetition_27,DONE,low_spar_TPM.csv,CPU,20091,6077075456,829.656982421875,829.656982421875,0,48.2244061851034,3.1666666666666665,100.0,24
run_5_repetition_27,DONE,low_spar_TPM.csv,GPU,4803,4612435968,191.0067941298828,75.55708312988281,115.449711,7.921515441857851,7.538461538461538,100.0,23
run_6_repetition_27,DONE,high_spar_TPM.csv,CPU,19887,6044602368,825.2267456054688,825.2267456054688,0,48.35115349941915,3.1881188118811883,100.0,24
run_7_repetition_27,DONE,high_spar_TPM.csv,GPU,4603,4556996608,186.95525422070313,75.67312622070312,111.282128,9.538587886095048,7.56,100.0,24
run_8_repetition_27,DONE,high_spar_CPM.csv,CPU,20121,6145056768,824.1190032958984,824.1190032958984,0,48.54235988548574,3.1666666666666665,100.0,22
run_9_repetition_27,DONE,high_spar_CPM.csv,GPU,4602,4593750016,185.22119113476563,74.01846313476562,111.20272800000001,9.451993308067323,7.32,100.0,23
run_10_repetition_27,DONE,low_spar_CPM.csv,CPU,20086,6125015040,828.8611602783203,828.8611602783203,0,47.790253928479025,3.1470588235294117,100.0,24
run_11_repetition_27,DONE,low_spar_CPM.csv,GPU,4802,4626120704,190.41569916503906,74.13526916503906,116.28043,9.169361429718824,7.076923076923077,100.0,23
run_0_repetition_28,DONE,GDS3900_CPM.csv,CPU,21808,4437614592,308.7996063232422,308.7996063232422,0,7.454005169975865,3.045045045045045,100.0,23
run_1_repetition_28,DONE,GDS3900_CPM.csv,GPU,2202,4164960256,86.0094376855396,37.7746276855396,48.234809999999996,11.965985843768486,7.384615384615385,100.0,23
run_2_repetition_28,DONE,GDS3900_TPM.csv,CPU,247095,5009207296,4163.42073059082,4163.42073059082,0,6.9886376657790485,2.1786580436540017,100.0,23
run_3_repetition_28,DONE,GDS3900_TPM.csv,GPU,2202,4218187776,88.13261702246095,38.59422302246094,49.538394000000004,12.098685342531937,8.23076923076923,100.0,24
run_4_repetition_28,DONE,low_spar_TPM.csv,CPU,20078,6163230720,830.8292541503906,830.8292541503906,0,48.297974280866924,3.235294117647059,100.0,23
run_5_repetition_28,DONE,low_spar_TPM.csv,GPU,4803,4640653312,191.9724302685474,74.25090026854741,117.72153,9.162363476478136,7.538461538461538,100.0,25
run_6_repetition_28,DONE,high_spar_TPM.csv,CPU,20091,6181056512,824.3799438476562,824.3799438476562,0,47.946794307553304,3.176470588235294,100.0,24
run_7_repetition_28,DONE,high_spar_TPM.csv,GPU,4803,4603424768,192.02189991992185,75.21774291992188,116.80415699999999,9.32224033199824,7.769230769230769,100.0,23
run_8_repetition_28,DONE,high_spar_CPM.csv,CPU,19906,6192394240,825.9019927978516,825.9019927978516,0,48.68392262261103,3.1683168316831685,100.0,24
run_9_repetition_28,DONE,high_spar_CPM.csv,GPU,4802,4609642496,190.0531445673828,73.99360656738281,116.05953799999999,9.116236813939533,7.423076923076923,100.0,23
run_10_repetition_28,DONE,low_spar_CPM.csv,CPU,20109,6157791232,829.666564941399,829.666564941399,0,47.36767218539528,3.176470588235294,100.0,24
run_11_repetition_28,DONE,low_spar_CPM.csv,GPU,4802,4650700800,190.78615600976562,75.54776000976562,115.238396,9.406924557227356,6.923076923076923,100.0,22
run_0_repetition_29,DONE,GDS3900_CPM.csv,CPU,21809,4431028224,320.53179931640625,320.53179931640625,0,7.468504165475432,3.027027027027027,100.0,24
run_1_repetition_29,DONE,GDS3900_CPM.csv,GPU,2201,4196335616,83.6050519540943,37.16615295409429,46.438899000000006,11.33851636831577,8.153846153846153,100.0,23
run_2_repetition_29,DONE,GDS3900_TPM.csv,CPU,245493,4987760640,4134.8667602539135,4134.8667602539135,0,6.995028302437218,2.195280716029292,100.0,23
run_3_repetition_29,DONE,GDS3900_TPM.csv,GPU,2202,4224978944,85.93588091797602,37.833190917976026,48.10269,11.488922545543085,6.6923076923076925,100.0,23
run_4_repetition_29,DONE,low_spar_TPM.csv,CPU,20090,6214901760,834.1150054931641,834.1150054931641,0,48.222339874096946,3.2450980392156863,100.0,25
run_5_repetition_29,DONE,low_spar_TPM.csv,GPU,4803,4673286144,190.57834733007812,75.05178833007812,115.52655899999999,9.340852416478672,7.3076923076923075,100.0,24
run_6_repetition_29,DONE,high_spar_TPM.csv,CPU,19892,6212358144,-64714.74499511719,-64714.74499511719,0,48.290723956457455,3.4356435643564356,100.0,30
run_7_repetition_29,DONE,high_spar_TPM.csv,GPU,4604,4651827200,183.40715263476562,73.54190063476562,109.86525200000001,9.352877111434937,7.64,100.0,24
run_8_repetition_29,DONE,high_spar_CPM.csv,CPU,19892,6174527488,826.6137847900391,826.6137847900391,0,48.38525452531211,3.287128712871287,100.0,24
run_9_repetition_29,DONE,high_spar_CPM.csv,GPU,4802,4680871936,192.09146922265626,75.60455322265625,116.486916,9.258716901907555,7.3076923076923075,100.0,25
run_10_repetition_29,DONE,low_spar_CPM.csv,CPU,20290,6197776384,841.7281951904301,841.7281951904301,0,48.52417314226188,3.2524271844660193,100.0,25
run_11_repetition_29,DONE,low_spar_CPM.csv,GPU,4802,4699598848,189.489836828125,75.831298828125,113.658538,9.043454970304783,7.384615384615385,100.0,25
